name,issuer,network,currency,offerAmount,offerSpend,offerDays,offerUrl,countsTowards524,details,isBusiness,annualFee,isAnnualFeeWaived,universalCashbackPercent,url,imageUrl,credits
Blue Business Cash,American Express,American Express,USD,250,5000,90,https://www.americanexpress.com/en-us/business/credit-cards/blue-business-cash/,FALSE,,TRUE,0,FALSE,2,https://www.americanexpress.com/en-us/business/credit-cards/blue-business-cash/,https://offeroptimist.com/images/amex/blue-business-cash.webp,
Blue Business Cash,American Express,American Express,USD,500,15000,365,https://www.uscreditcardguide.com/amex-blue-business-cash-credit-card/,FALSE,,TRUE,0,FALSE,2,https://www.americanexpress.com/en-us/business/credit-cards/blue-business-cash/,https://offeroptimist.com/images/amex/blue-business-cash.webp,
Blue Business Plus,American Express,American Express,Amex Points,15000,3000,90,https://www.americanexpress.com/us/credit-cards/business/business-credit-cards/american-express-blue-business-plus-credit-card-amex/,FALSE,,TRUE,0,FALSE,2,https://www.americanexpress.com/us/credit-cards/business/business-credit-cards/american-express-blue-business-plus-credit-card-amex/,https://offeroptimist.com/images/amex/blue-business-plus.webp,
Blue Cash Everyday,American Express,American Express,USD,250,2000,180,https://www.americanexpress.com/us/credit-cards/card/blue-cash-everyday/,TRUE,,FALSE,0,FALSE,2,https://www.americanexpress.com/us/credit-cards/card/blue-cash-everyday/,https://offeroptimist.com/images/amex/blue-cash-everyday.webp,
Blue Cash Everyday,American Express,American Express,USD,100,2000,180,https://www.americanexpress.com/us/credit-cards/card/blue-cash-everyday/,TRUE,,FALSE,0,FALSE,2,https://www.americanexpress.com/us/credit-cards/card/blue-cash-everyday/,https://offeroptimist.com/images/amex/blue-cash-everyday.webp,
Blue Cash Everyday,American Express,American Express,USD,200,2000,180,https://resy.com/amex-offers?date=2022-10-01&seats=2,TRUE,,FALSE,0,FALSE,2,https://www.americanexpress.com/us/credit-cards/card/blue-cash-everyday/,https://offeroptimist.com/images/amex/blue-cash-everyday.webp,
Blue Cash Preferred,American Express,American Express,USD,250,3000,180,https://www.americanexpress.com/us/credit-cards/card/blue-cash-preferred/,TRUE,,FALSE,95,TRUE,2,https://www.americanexpress.com/us/credit-cards/card/blue-cash-preferred/,https://offeroptimist.com/images/amex/blue-cash-preferred.webp,$84 $7/mo Disney Bundle Credit
Blue Cash Preferred (Morgan Stanley),American Express,American Express,USD,250,3000,180,https://apply.americanexpress.com/amex-morgan-stanley-credit-cards/?page_url=1,TRUE,,FALSE,95,TRUE,2,https://apply.americanexpress.com/amex-morgan-stanley-credit-cards/?page_url=1,https://offeroptimist.com/images/amex/blue-cash-preferred-morgan-stanley.png,$84 $7/mo Disney Bundle Credit
Business Gold,American Express,American Express,Amex Points,110000,10000,90,https://www.americanexpress.com/us/credit-cards/business/business-credit-cards/american-express-business-gold-card-amex/,FALSE,,TRUE,295,FALSE,1,https://www.americanexpress.com/us/credit-cards/business/business-credit-cards/american-express-business-gold-card-amex/,https://offeroptimist.com/images/amex/business-gold.webp,
Business Green,American Express,American Express,Amex Points,25000,3000,90,https://www.americanexpress.com/us/credit-cards/business/business-credit-cards/american-express-business-green-card-amex/,FALSE,,TRUE,95,TRUE,1,https://www.americanexpress.com/us/credit-cards/business/business-credit-cards/american-express-business-green-card-amex/,https://offeroptimist.com/images/amex/business-green.webp,
Business Green,American Express,American Express,Amex Points,15000,3000,90,https://www.americanexpress.com/us/credit-cards/business/business-credit-cards/american-express-business-green-card-amex/,FALSE,,TRUE,95,TRUE,1,https://www.americanexpress.com/us/credit-cards/business/business-credit-cards/american-express-business-green-card-amex/,https://offeroptimist.com/images/amex/business-green.webp,
Business Platinum,American Express,American Express,Amex Points,170000,16000,90,https://www.doctorofcredit.com/american-express-business-platinum-170000-points-offer-ymmv/,FALSE,,TRUE,695,FALSE,1,https://www.americanexpress.com/us/credit-cards/business/business-credit-cards/american-express-business-platinum-credit-card-amex/,https://offeroptimist.com/images/amex/business-platinum.webp,$400 Dell credit; $120 Wireless credit; $200 Airline fee credit; $189 CLEAR credit; $650 Lounge access
Business Platinum,American Express,American Express,Amex Points,160000,16000,90,https://www.americanexpress.com/en-us/campaigns/small-business/bundles/business-platinum-employee-card/,FALSE,,TRUE,695,FALSE,1,https://www.americanexpress.com/us/credit-cards/business/business-credit-cards/american-express-business-platinum-credit-card-amex/,https://offeroptimist.com/images/amex/business-platinum.webp,$400 Dell credit; $120 Wireless credit; $200 Airline fee credit; $189 CLEAR credit; $650 Lounge access
Business Platinum,American Express,American Express,Amex Points,120000,15000,90,https://www.americanexpress.com/us/credit-cards/business/business-credit-cards/american-express-business-platinum-credit-card-amex/,FALSE,,TRUE,695,FALSE,1,https://www.americanexpress.com/us/credit-cards/business/business-credit-cards/american-express-business-platinum-credit-card-amex/,https://offeroptimist.com/images/amex/business-platinum.webp,$400 Dell credit; $120 Wireless credit; $200 Airline fee credit; $189 CLEAR credit; $650 Lounge access
Cash Magnet,American Express,American Express,USD,200,2000,180,https://www.americanexpress.com/us/credit-cards/card/cash-magnet/,TRUE,,FALSE,0,FALSE,1.5,https://www.americanexpress.com/us/credit-cards/card/cash-magnet/,https://offeroptimist.com/images/amex/cash-magnet.webp,
Delta SkyMiles Blue,American Express,American Express,Delta Miles,10000,1000,90,https://www.americanexpress.com/us/credit-cards/card/delta-skymiles-blue-american-express-card/,TRUE,,FALSE,0,FALSE,1,https://www.americanexpress.com/us/credit-cards/card/delta-skymiles-blue-american-express-card/,https://offeroptimist.com/images/amex/delta-skymiles-blue.jpg,
Delta SkyMiles Gold,American Express,American Express,Delta Miles,70000,2000,90,https://www.delta.com/us/en/skymiles/airline-credit-cards/american-express-personal-cards,TRUE,,FALSE,99,FALSE,1,https://www.americanexpress.com/us/credit-cards/card/delta-skymiles-gold-american-express-card/,https://offeroptimist.com/images/amex/delta-skymiles-gold.jpg,$50 First checked bag free
Delta SkyMiles Gold Business,American Express,American Express,Delta Miles,75000,3000,90,https://www.delta.com/us/en/skymiles/airline-credit-cards/american-express-business-cards,FALSE,,TRUE,99,TRUE,1,https://www.americanexpress.com/en-us/business/credit-cards/delta-skymiles-gold/,https://offeroptimist.com/images/amex/delta-skymiles-gold-business.webp,
Delta SkyMiles Platinum,American Express,American Express,Delta Miles,90000,4000,90,https://www.delta.com/us/en/skymiles/airline-credit-cards/american-express-personal-cards,TRUE,,FALSE,250,FALSE,1,https://www.americanexpress.com/us/credit-cards/card/delta-skymiles-platinum-american-express-card/,https://offeroptimist.com/images/amex/delta-skymiles-platinum.webp,$500 Companion Pass
Delta SkyMiles Platinum Business,American Express,American Express,Delta Miles,95000,4000,90,https://www.delta.com/us/en/skymiles/airline-credit-cards/american-express-business-cards,FALSE,,TRUE,250,FALSE,1,https://www.americanexpress.com/en-us/business/credit-cards/delta-skymiles-platinum/,https://offeroptimist.com/images/amex/delta-skymiles-platinum-business.webp,$100 $100 Global Entry / $85 TSA PreCheck Credit; $500 Companion Pass; $50 First checked bag free
Delta SkyMiles Reserve,American Express,American Express,Delta Miles,90000,6000,90,https://www.delta.com/us/en/skymiles/airline-credit-cards/american-express-personal-cards,TRUE,,FALSE,550,FALSE,1,https://www.americanexpress.com/us/credit-cards/card/delta-skymiles-reserve-american-express-card/,https://offeroptimist.com/images/amex/delta-skymiles-reserve.webp,
Delta SkyMiles Reserve Business,American Express,American Express,Delta Miles,100000,4000,90,https://www.delta.com/us/en/skymiles/airline-credit-cards/american-express-business-cards,FALSE,,TRUE,550,FALSE,1,https://www.americanexpress.com/en-us/business/credit-cards/delta-skymiles-reserve/,https://offeroptimist.com/images/amex/delta-skymiles-reserve-business.webp,
Everyday,American Express,American Express,Amex Points,10000,2000,180,https://www.americanexpress.com/us/credit-cards/card/amex-everyday/,TRUE,,FALSE,0,FALSE,1,https://www.americanexpress.com/us/credit-cards/card/amex-everyday/,https://offeroptimist.com/images/amex/everyday.png,
Everyday Preferred,American Express,American Express,Amex Points,15000,2000,180,https://www.americanexpress.com/us/credit-cards/card/amex-everyday-preferred/,TRUE,,FALSE,95,FALSE,1,https://www.americanexpress.com/us/credit-cards/card/amex-everyday-preferred/,https://offeroptimist.com/images/amex/everyday-preferred.jpg,
Gold,American Express,American Express,Amex Points,75000,4000,180,https://resy.com/amex-offers?date=2022-09-18&seats=2,TRUE,,FALSE,250,FALSE,1,https://www.americanexpress.com/us/credit-cards/card/gold-card/,https://offeroptimist.com/images/amex/gold.webp,$120 $10/mo credit for Uber; $120 $10/mo credit for Grubhub Cheesecake Factory/Gold Belly/Wine.com/Milk/Shake Shack
Gold,American Express,American Express,Amex Points,60000,4000,180,https://www.americanexpress.com/us/credit-cards/card/gold-card/,TRUE,,FALSE,250,FALSE,1,https://www.americanexpress.com/us/credit-cards/card/gold-card/,https://offeroptimist.com/images/amex/gold.webp,$120 $10/mo credit for Uber; $120 $10/mo credit for Grubhub Cheesecake Factory/Gold Belly/Wine.com/Milk/Shake Shack
Green,American Express,American Express,Amex Points,45000,2000,180,https://www.uscreditcardguide.com/amex-green-card/,TRUE,,FALSE,150,FALSE,1,https://www.americanexpress.com/us/credit-cards/card/green/,https://offeroptimist.com/images/amex/green.webp,$100 CLEAR Credit; $100 Lounge Access Credit
Green,American Express,American Express,Amex Points,40000,2000,180,,TRUE,,FALSE,150,FALSE,1,https://www.americanexpress.com/us/credit-cards/card/green/,https://offeroptimist.com/images/amex/green.webp,$100 CLEAR Credit; $100 Lounge Access Credit
Hilton Honors,American Express,American Express,Hilton Honors Points,100000,2000,180,https://www.hilton.com/en/hilton-honors/credit-cards/,TRUE,,FALSE,0,FALSE,1,https://www.americanexpress.com/us/credit-cards/card/hilton-honors/,https://offeroptimist.com/images/amex/hilton-honors.png,
Hilton Honors Aspire,American Express,American Express,Hilton Honors Points,150000,6000,180,https://www.hilton.com/en/hilton-honors/credit-cards/,TRUE,,FALSE,450,FALSE,1,https://www.americanexpress.com/us/credit-cards/card/hilton-honors-aspire/,https://offeroptimist.com/images/amex/hilton-honors-aspire.png,$250 Hilton Resort Credit
Hilton Honors Business,American Express,American Express,Hilton Honors Points,130000,3000,90,https://www.hilton.com/en/hilton-honors/credit-cards/,FALSE,,TRUE,95,FALSE,1,https://www.americanexpress.com/us/credit-cards/business/business-credit-cards/hilton-honors/,https://offeroptimist.com/images/amex/hilton-honors-business.png,
Hilton Honors Surpass,American Express,American Express,Hilton Honors Points,150000,3000,180,https://www.hilton.com/en/hilton-honors/credit-cards/,TRUE,,FALSE,95,TRUE,1,https://www.americanexpress.com/us/credit-cards/card/hilton-honors-surpass/,https://offeroptimist.com/images/amex/hilton-honors-surpass.jpg,
Marriott Bonvoy Brilliant,American Express,American Express,Marriott Points,95000,5000,90,https://www.americanexpress.com/us/credit-cards/card/marriott-bonvoy-brilliant/,TRUE,,FALSE,650,FALSE,1,https://www.americanexpress.com/us/credit-cards/card/marriott-bonvoy-brilliant/,https://offeroptimist.com/images/amex/marriott-bonvoy-brilliant.webp,$300 $25/mo Dining Credit; $85000 Free Night Credit up to 85k.
Marriott Bonvoy Business,American Express,American Express,Marriott Points,75000,3000,90,https://www.americanexpress.com/us/credit-cards/business/business-credit-cards/amex-marriott-bonvoy-business-credit-card/,FALSE,,TRUE,125,FALSE,1,https://www.americanexpress.com/us/credit-cards/business/business-credit-cards/amex-marriott-bonvoy-business-credit-card/,https://offeroptimist.com/images/amex/marriott-bonvoy-business.webp,
Platinum,American Express,American Express,Amex Points,125000,6000,180,https://www.americanexpress.com/us/credit-cards/card/platinum/,TRUE,,FALSE,695,FALSE,1,https://www.americanexpress.com/us/credit-cards/card/platinum/,https://offeroptimist.com/images/amex/platinum.webp,$200 Hotel Credit; $100 Bi-yearly $50 Saks Credit; $200 $20/mo Digital Entertainment Credit; $200 $15/mo Uber Cash; $200 Airline Fee Credit; $155 Walmart+ Credit; $189 CLEAR Credit
Platinum,American Express,American Express,Amex Points,100000,6000,180,https://resy.com/amex-offers?date=2022-11-04&seats=2,TRUE,,FALSE,695,FALSE,1,https://www.americanexpress.com/us/credit-cards/card/platinum/,https://offeroptimist.com/images/amex/platinum.webp,$200 Hotel Credit; $100 Bi-yearly $50 Saks Credit; $200 $20/mo Digital Entertainment Credit; $200 $15/mo Uber Cash; $200 Airline Fee Credit; $155 Walmart+ Credit; $189 CLEAR Credit
Platinum,American Express,American Express,Amex Points,80000,6000,180,https://card.americanexpress.com/d/platinum-card/,TRUE,,FALSE,695,FALSE,1,https://www.americanexpress.com/us/credit-cards/card/platinum/,https://offeroptimist.com/images/amex/platinum.webp,$200 Hotel Credit; $100 Bi-yearly $50 Saks Credit; $200 $20/mo Digital Entertainment Credit; $200 $15/mo Uber Cash; $200 Airline Fee Credit; $155 Walmart+ Credit; $189 CLEAR Credit
Platinum (Schwab),American Express,American Express,Amex Points,100000,6000,180,https://www.schwab.com/credit-cards#panel--50-media-right-117911,TRUE,,FALSE,695,FALSE,1,https://www.schwab.com/credit-cards#panel--50-media-right-117911,https://offeroptimist.com/images/amex/platinum-schwab.webp,$200 Hotel Credit; $200 $20/mo Digital Entertainment Credit; $200 $15/mo Uber Cash; $200 Airline Fee Credit; $155 Walmart+ Credit; $189 CLEAR Credit
Platinum (Morgan Stanley),American Express,American Express,Amex Points,100000,6000,180,https://apply.americanexpress.com/amex-morgan-stanley-credit-cards/?page_url=1,TRUE,,FALSE,695,FALSE,1,https://apply.americanexpress.com/amex-morgan-stanley-credit-cards/?page_url=1,https://offeroptimist.com/images/amex/platinum-morgan-stanley.webp,$200 Hotel Credit; $200 $20/mo Digital Entertainment Credit; $200 $15/mo Uber Cash; $200 Airline Fee Credit; $155 Walmart+ Credit; $189 CLEAR Credit
Marriott Bonvoy Bevy,American Express,American Express,Marriott Points,125000,4000,90,https://www.americanexpress.com/us/credit-cards/card/marriott-bonvoy-bevy/,TRUE,,FALSE,250,FALSE,1,https://www.americanexpress.com/us/credit-cards/card/marriott-bonvoy-bevy/,https://offeroptimist.com/images/amex/marriott-bonvoy-bevy.png,
Lowes,American Express,American Express,USD,0,0,90,https://www.americanexpress.com/us/credit-cards/card-application/apply/lowes-business-rewards-card/42472-9-0#/,FALSE,,TRUE,0,FALSE,1,https://www.americanexpress.com/us/credit-cards/card-application/apply/lowes-business-rewards-card/42472-9-0#/,https://offeroptimist.com/images/amex/lowes-business.webp,
Schwab Investor,American Express,American Express,USD,200,1000,90,https://www.schwab.com/public/schwab/investing/accounts_products/credit_cards?ENTRY_POINT=IIAH,TRUE,,FALSE,0,FALSE,1,https://www.schwab.com/public/schwab/investing/accounts_products/credit_cards?ENTRY_POINT=IIAH,https://offeroptimist.com/images/amex/schwab-investor.webp,
Air France KLM,Bank of America,Mastercard,Flying Blue Miles,50000,2000,90,https://www.doctorofcredit.com/bank-of-america-air-france-klm-flyingblue-credit-card-70000-miles-signup-bonus-100-100-xp-bonus/,TRUE,,FALSE,89,FALSE,1,https://wwws.airfrance.us/information/flyingblue/carte-bancaire-partenaire,https://offeroptimist.com/images/bankofamerica/air-france-klm.webp,
Alaska Airlines,Bank of America,Visa,Alaska Airlines Miles,70000,2000,90,https://www.bankofamerica.com/credit-cards/products/alaska-airlines-credit-card/,TRUE,,FALSE,75,FALSE,1,https://www.alaskaair.com/content/credit-card/visa-signature,https://offeroptimist.com/images/bankofamerica/alaska-airlines.png,$200 Companion Fare
Alaska Airlines Business,Bank of America,Visa,Alaska Airlines Miles,40000,2000,90,https://www.alaskaair.com/content/credit-card/visa-small-business-card,FALSE,,TRUE,75,FALSE,1,https://www.alaskaair.com/content/credit-card/visa-small-business-card,https://offeroptimist.com/images/bankofamerica/alaska-airlines-business.png,$50 Free checked bag; $100 Companion fee
Customized Cash Rewards,Bank of America,Visa,USD,200,1000,90,https://www.bankofamerica.com/credit-cards/products/cash-back-credit-card/,TRUE,,FALSE,0,FALSE,1,https://www.bankofamerica.com/credit-cards/products/cash-back-credit-card/,https://offeroptimist.com/images/bankofamerica/customized-cash-rewards.jpg,
Premium Rewards,Bank of America,Visa,Bank of America Points,50000,3000,90,https://www.bankofamerica.com/credit-cards/products/premium-rewards-credit-card/,TRUE,,FALSE,95,FALSE,1,https://www.bankofamerica.com/credit-cards/products/premium-rewards-credit-card/,https://offeroptimist.com/images/bankofamerica/premium-rewards.png,
Premium Rewards Elite,Bank of America,Visa,Bank of America Points,50000,3000,90,https://www.bankofamerica.com/credit-cards/products/premium-rewards-elite-credit-card/,TRUE,,FALSE,550,FALSE,1,https://www.bankofamerica.com/credit-cards/products/premium-rewards-elite-credit-card/,https://offeroptimist.com/images/bankofamerica/premium-rewards-elite.png,$300 Incidental Airline Statement Credits; $150 Annual $150 streaming delivery fitness and transit credit; $100 $100 credit for Global Entry or TSA PreCheck
Travel Rewards,Bank of America,Visa,Bank of America Points,25000,1000,90,https://www.bankofamerica.com/credit-cards/products/travel-rewards-credit-card/,TRUE,,FALSE,0,FALSE,1.5,https://www.bankofamerica.com/credit-cards/products/travel-rewards-credit-card/,https://offeroptimist.com/images/bankofamerica/travel-rewards.png,
Unlimited Cash Rewards,Bank of America,Visa,USD,200,1000,90,https://www.bankofamerica.com/credit-cards/products/unlimited-cash-back-credit-card/,TRUE,,FALSE,0,FALSE,1.5,https://www.bankofamerica.com/credit-cards/products/unlimited-cash-back-credit-card/,https://offeroptimist.com/images/bankofamerica/unlimited-cash-rewards.png,
Business Advantage Customized Cash,Bank of America,Mastercard,USD,300,1000,90,https://www.bankofamerica.com/smallbusiness/credit-cards/products/cash-rewards-business-credit-card/?campaign=4053371~X7~en_US,FALSE,,TRUE,0,FALSE,1.5,https://www.bankofamerica.com/smallbusiness/credit-cards/products/cash-rewards-business-credit-card/?campaign=4053371~X7~en_US,https://offeroptimist.com/images/bankofamerica/business-advantage-customized-cash.jpg,
Business Advantage Unlimited Cash,Bank of America,Mastercard,USD,1000,10000,90,https://www.doctorofcredit.com/bank-of-america-business-advantage-unlimited-cash-rewards-1000-signup-bonus-with-10000-spend/,FALSE,,TRUE,0,FALSE,1.5,https://www.bankofamerica.com/smallbusiness/credit-cards/products/unlimited-cash-rewards-business-credit-card/?campaign=4052289~52~en_US,https://offeroptimist.com/images/bankofamerica/business-advantage-unlimited-cash.webp,
Business Advantage Unlimited Cash,Bank of America,Mastercard,USD,300,3000,90,https://www.bankofamerica.com/smallbusiness/credit-cards/products/unlimited-cash-rewards-business-credit-card/,FALSE,,TRUE,0,FALSE,1.5,https://www.bankofamerica.com/smallbusiness/credit-cards/products/unlimited-cash-rewards-business-credit-card/?campaign=4052289~52~en_US,https://offeroptimist.com/images/bankofamerica/business-advantage-unlimited-cash.webp,
Business Advantage Travel Rewards,Bank of America,Mastercard,Bank of America Points,30000,3000,90,https://www.bankofamerica.com/smallbusiness/credit-cards/products/travel-rewards-business-credit-card/?campaign=4053417~2P~en_US,FALSE,,TRUE,0,FALSE,1.5,https://www.bankofamerica.com/smallbusiness/credit-cards/products/travel-rewards-business-credit-card/?campaign=4053417~2P~en_US,https://offeroptimist.com/images/bankofamerica/business-advantage-travel-rewards.webp,
Platinum Plus,Bank of America,Mastercard,USD,300,1000,90,https://www.bankofamerica.com/smallbusiness/credit-cards/products/platinum-plus-business-credit-card/?campaign=4053445~YT~en_US,FALSE,,TRUE,0,FALSE,1.5,https://www.bankofamerica.com/smallbusiness/credit-cards/products/platinum-plus-business-credit-card/?campaign=4053445~YT~en_US,https://offeroptimist.com/images/bankofamerica/platinum-plus.webp,
Free Spirit,Bank of America,Mastercard,Spirit Miles,50000,1000,90,https://www.bankofamerica.com/credit-cards/products/spirit-airlines-credit-card/,TRUE,,FALSE,79,TRUE,1.5,https://www.bankofamerica.com/credit-cards/products/spirit-airlines-credit-card/,https://offeroptimist.com/images/bankofamerica/free-spirit.webp,$100 Companion Flight Voucher
AAdvantage Aviator Red World Elite,Barclays,Mastercard,American AAdvantage Miles,60000,0.01,90,https://cards.barclaycardus.com/banking/cards/aadvantage-aviator-red-world-elite-mastercard/,TRUE,,FALSE,99,TRUE,1,https://cards.barclaycardus.com/banking/cards/aadvantage-aviator-red-world-elite-mastercard/,https://offeroptimist.com/images/barclays/aadvantage-aviator-red-world-elite.png,
AAdvantage Aviator World Elite Business,Barclays,Mastercard,American AAdvantage Miles,60000,2000,90,https://cards.barclaycardus.com/banking/cards/aadvantage-aviator-world-elite-business-mastercard/,FALSE,,TRUE,95,FALSE,1,https://cards.barclaycardus.com/banking/cards/aadvantage-aviator-world-elite-business-mastercard/,https://offeroptimist.com/images/barclays/aadvantage-aviator-world-elite-business.png,$50 First checked bag free
AARP Essential Rewards,Barclays,Mastercard,USD,100,500,90,https://cards.barclaycardus.com/banking/cards/aarp-essential-rewards-mastercard/,TRUE,,FALSE,0,FALSE,1,https://cards.barclaycardus.com/banking/cards/aarp-essential-rewards-mastercard/,https://offeroptimist.com/images/barclays/aarp-essential-rewards.png,
AARP Travel Rewards,Barclays,Mastercard,USD,100,500,90,https://cards.barclaycardus.com/banking/cards/aarp-travel-rewards-mastercard/,TRUE,,FALSE,0,FALSE,1,https://cards.barclaycardus.com/banking/cards/aarp-travel-rewards-mastercard/,https://offeroptimist.com/images/barclays/aarp-travel-rewards.png,
Carnival World Mastercard,Barclays,Mastercard,Carnival Points,25000,500,90,https://cards.barclaycardus.com/banking/cards/carnival-world-mastercard/,TRUE,,FALSE,0,FALSE,1,https://cards.barclaycardus.com/banking/cards/carnival-world-mastercard/,https://offeroptimist.com/images/barclays/carnival-world-mastercard.png,
Emirates Skywards Premium World Elite,Barclays,Mastercard,Emirates Miles,60000,3000,90,https://cards.barclaycardus.com/banking/cards/emirates-skywards-premium-world-elite-mastercard/,TRUE,,FALSE,499,FALSE,1,https://cards.barclaycardus.com/banking/cards/emirates-skywards-premium-world-elite-mastercard/,https://offeroptimist.com/images/barclays/emirates-skywards-premium-world-elite.png,
Emirates Skywards Rewards World Elite,Barclays,Mastercard,Emirates Miles,50000,3000,90,https://cards.barclaycardus.com/banking/cards/emirates-skywards-rewards-world-elite-mastercard/,TRUE,,FALSE,99,FALSE,1,https://cards.barclaycardus.com/banking/cards/emirates-skywards-rewards-world-elite-mastercard/,https://offeroptimist.com/images/barclays/emirates-skywards-rewards-world-elite.png,
Frontier Airlines World,Barclays,Mastercard,Frontier Miles,50000,1000,90,https://cards.barclaycardus.com/banking/cards/frontier-airlines-world-mastercard/,TRUE,,FALSE,89,FALSE,1,https://cards.barclaycardus.com/banking/cards/frontier-airlines-world-mastercard/,https://offeroptimist.com/images/barclays/frontier-airlines-world.png,
Hawaiian Airlines World Elite,Barclays,Mastercard,Hawaiian Miles,60000,2000,90,https://cards.barclaycardus.com/banking/cards/hawaiian-airlines-world-elite-mastercard/,TRUE,,FALSE,99,FALSE,1,https://cards.barclaycardus.com/banking/cards/hawaiian-airlines-world-elite-mastercard/,https://offeroptimist.com/images/barclays/hawaiian-airlines-world-elite.png,
JetBlue,Barclays,Mastercard,JetBlue Miles,10000,1000,90,https://cards.barclaycardus.com/banking/cards/jetblue-card/,TRUE,,FALSE,0,FALSE,1,https://cards.barclaycardus.com/banking/cards/jetblue-card/,https://offeroptimist.com/images/barclays/jetblue.png,
JetBlue Business,Barclays,Mastercard,JetBlue Miles,60000,2000,90,https://cards.barclaycardus.com/banking/cards/jetblue-business-card/,FALSE,,TRUE,99,FALSE,1,https://cards.barclaycardus.com/banking/cards/jetblue-business-card/,https://offeroptimist.com/images/barclays/jetblue-business.png,$50 Free checked bag
JetBlue Plus,Barclays,Mastercard,JetBlue Miles,40000,1000,90,https://cards.barclaycardus.com/banking/cards/jetblue-plus-card/,TRUE,,FALSE,99,FALSE,1,https://cards.barclaycardus.com/banking/cards/jetblue-plus-card/,https://offeroptimist.com/images/barclays/jetblue-plus.png,
Lufthansa Miles & More,Barclays,Mastercard,Lufthansa Miles,80000,3000,90,https://cards.barclaycardus.com/banking/cards/lufthansa-miles-more-world-elite-mastercard/,TRUE,,FALSE,89,FALSE,1,https://cards.barclaycardus.com/banking/cards/lufthansa-miles-more-world-elite-mastercard/,https://offeroptimist.com/images/barclays/lufthansa-miles-and-more.png,
Upromise,Barclays,Mastercard,USD,100,500,90,https://cards.barclaycardus.com/banking/cards/upromise-world-mastercard/,TRUE,,FALSE,0,FALSE,1,https://cards.barclaycardus.com/banking/cards/upromise-world-mastercard/,https://offeroptimist.com/images/barclays/upromise.png,
Wyndham Rewards Earner,Barclays,Visa,Wyndham Points,30000,1000,90,https://cards.barclaycardus.com/banking/cards/wyndham-rewards-earner-card/,TRUE,,FALSE,0,FALSE,1,https://cards.barclaycardus.com/banking/cards/wyndham-rewards-earner-card/,https://offeroptimist.com/images/barclays/wyndham-rewards-earner.svg,
Wyndham Rewards Earner Business,Barclays,Visa,Wyndham Points,45000,2000,90,https://cards.barclaycardus.com/banking/cards/wyndham-rewards-earner-business-card/,FALSE,,TRUE,95,FALSE,1,https://cards.barclaycardus.com/banking/cards/wyndham-rewards-earner-business-card/,https://offeroptimist.com/images/barclays/wyndham-rewards-earner-business.png,
Wyndham Rewards Earner Plus,Barclays,Visa,Wyndham Points,45000,1000,90,https://cards.barclaycardus.com/banking/cards/wyndham-rewards-earner-plus-card/,TRUE,,FALSE,0,FALSE,1,https://cards.barclaycardus.com/banking/cards/wyndham-rewards-earner-plus-card/,https://offeroptimist.com/images/barclays/wyndham-rewards-earner-plus.png,
Hawaiian Airlines World Elite Business,Barclays,Mastercard,Hawaiian Miles,50000,2000,90,https://cards.barclaycardus.com/banking/cards/hawaiian-airlines-world-elite-business-mastercard/,FALSE,,TRUE,99,FALSE,1,https://cards.barclaycardus.com/banking/cards/hawaiian-airlines-world-elite-business-mastercard/,https://offeroptimist.com/images/barclays/hawaiian-airlines-world-elite-business.png,$99 Hawaiian statement credit
Hawaiian Airlines World Elite Business,Barclays,Mastercard,Hawaiian Miles,90000,10000,365,https://cards.barclaycardus.com/banking/cards/hawaiian-airlines-world-elite-business-mastercard/,FALSE,,TRUE,99,FALSE,1,https://cards.barclaycardus.com/banking/cards/hawaiian-airlines-world-elite-business-mastercard/,https://offeroptimist.com/images/barclays/hawaiian-airlines-world-elite-business.png,$99 Hawaiian statement credit
Brex,Brex,Mastercard,Brex Points,10000,3000,90,https://www.brex.com/product/credit-card/,TRUE,,FALSE,0,FALSE,1,https://www.brex.com/product/credit-card/,https://offeroptimist.com/images/brex/brex.png,
Marriott Bonvoy Bountiful,Chase,Visa,Marriott Points,85000,5000,90,https://creditcards.chase.com/travel-credit-cards/marriott-bonvoy/bountiful?iCELL=61GD,TRUE,,FALSE,250,FALSE,1,https://creditcards.chase.com/travel-credit-cards/marriott-bonvoy/bountiful?iCELL=61GD,https://offeroptimist.com/images/chase/marriott-bonvoy-bountiful.png,
Aer Lingus Signature,Chase,Visa,Avios Miles,75000,5000,90,https://creditcards.chase.com/travel-credit-cards/avios/aer-lingus,TRUE,,FALSE,95,FALSE,1,https://creditcards.chase.com/travel-credit-cards/avios/aer-lingus,https://offeroptimist.com/images/chase/aer-lingus-signature.png,
Aeroplan,Chase,Mastercard,Aeroplan Miles,60000,3000,90,https://creditcards.chase.com/travel-credit-cards/aircanada/aeroplan,TRUE,,FALSE,95,FALSE,1,https://creditcards.chase.com/travel-credit-cards/aircanada/aeroplan,https://offeroptimist.com/images/chase/aeroplan.jpg,
British Airways Signature,Chase,Visa,Avios Miles,75000,5000,90,https://creditcards.chase.com/travel-credit-cards/avios/british-airways,TRUE,,FALSE,95,FALSE,1,https://creditcards.chase.com/travel-credit-cards/avios/british-airways,https://offeroptimist.com/images/chase/british-airways.png,
Disney,Chase,Visa,USD,300,1000,90,https://disneyrewards.com/,TRUE,,FALSE,0,FALSE,1,https://disneyrewards.com/,https://offeroptimist.com/images/chase/disney.png,
Freedom Flex,Chase,Mastercard,Chase Points,20000,500,90,https://creditcards.chase.com/cash-back-credit-cards/freedom/flex,TRUE,,FALSE,0,FALSE,1,https://creditcards.chase.com/cash-back-credit-cards/freedom/flex,https://offeroptimist.com/images/chase/freedom-flex.png,
Freedom Unlimited,Chase,Visa,Chase Points,20000,500,90,https://creditcards.chase.com/cash-back-credit-cards/freedom/unlimited,TRUE,,FALSE,0,FALSE,1.5,https://creditcards.chase.com/cash-back-credit-cards/freedom/unlimited,https://offeroptimist.com/images/chase/freedom-unlimited.png,
Iberia Signature,Chase,Visa,Avios Miles,75000,5000,90,https://creditcards.chase.com/travel-credit-cards/avios/iberia,TRUE,,FALSE,95,FALSE,1,https://creditcards.chase.com/travel-credit-cards/avios/iberia,https://offeroptimist.com/images/chase/iberia-signature.png,
IHG Rewards Premier,Chase,Mastercard,IHG Points,175000,3000,90,https://www.ihg.com/onerewards/content/us/en/creditcard,TRUE,,FALSE,99,FALSE,1,https://creditcards.chase.com/travel-credit-cards/ihg-rewards-club/premier,https://offeroptimist.com/images/chase/ihg-rewards-premier.jpg,
IHG Rewards Premier Business,Chase,Mastercard,IHG Points,175000,3000,90,https://creditcards.chase.com/business-credit-cards/IHG/business-premier,FALSE,,TRUE,99,FALSE,1,https://creditcards.chase.com/travel-credit-cards/ihg-rewards-club/premier,https://offeroptimist.com/images/chase/ihg-rewards-premier-business.png,
IHG Rewards Traveler,Chase,Mastercard,IHG Points,120000,2000,90,https://creditcards.chase.com/a1/ihg/trav120k2kfoccyberaep,TRUE,,FALSE,0,FALSE,1,https://creditcards.chase.com/travel-credit-cards/ihg-rewards-club/traveler,https://offeroptimist.com/images/chase/ihg-rewards-traveler.jpeg,
Ink Business Cash,Chase,Visa,Chase Points,90000,6000,90,https://creditcards.chase.com/business-credit-cards/ink/cash,FALSE,,TRUE,0,FALSE,1,https://creditcards.chase.com/business-credit-cards/ink/cash,https://offeroptimist.com/images/chase/ink-business-cash.png,
Ink Business Preferred,Chase,Visa,Chase Points,100000,15000,90,https://creditcards.chase.com/business-credit-cards/ink/business-preferred,FALSE,,TRUE,95,FALSE,1,https://creditcards.chase.com/business-credit-cards/ink/business-preferred,https://offeroptimist.com/images/chase/ink-business-preferred.png,
Ink Business Unlimited,Chase,Visa,Chase Points,90000,6000,90,https://creditcards.chase.com/business-credit-cards/ink/unlimited,FALSE,,TRUE,0,FALSE,1,https://creditcards.chase.com/business-credit-cards/ink/unlimited,https://offeroptimist.com/images/chase/ink-business-unlimited.png,
Ink Business Premier,Chase,Visa,USD,1000,10000,90,https://creditcards.chase.com/business-credit-cards/ink/premier?CELL=6G3K,FALSE,,TRUE,195,FALSE,2,https://creditcards.chase.com/business-credit-cards/ink/premier?CELL=6G3K,https://offeroptimist.com/images/chase/ink-business-premier.png,
Marriott Bonvoy Bold,Chase,Visa,Marriott Points,60000,2000,90,https://creditcards.chase.com/travel-credit-cards/marriott-bonvoy/bold,TRUE,,FALSE,0,FALSE,1,https://creditcards.chase.com/travel-credit-cards/marriott-bonvoy/bold,https://offeroptimist.com/images/chase/marriott-bonvoy-bold.jpeg,
Marriott Bonvoy Boundless,Chase,Visa,Marriott Points,0,3000,90,https://creditcards.chase.com/travel-credit-cards/marriott-bonvoy/boundless,TRUE,,FALSE,95,FALSE,1,https://creditcards.chase.com/travel-credit-cards/marriott-bonvoy/boundless,https://offeroptimist.com/images/chase/marriott-bonvoy-boundless.jpeg,
Sapphire Preferred,Chase,Visa,Chase Points,60000,4000,90,https://creditcards.chase.com/rewards-credit-cards/sapphire/preferred,TRUE,,FALSE,95,FALSE,1,https://creditcards.chase.com/rewards-credit-cards/sapphire/preferred,https://offeroptimist.com/images/chase/sapphire-preferred.png,$50 Hotel Credit
Sapphire Reserve,Chase,Visa,Chase Points,60000,4000,90,https://creditcards.chase.com/rewards-credit-cards/sapphire/reserve,TRUE,,FALSE,550,FALSE,1,https://creditcards.chase.com/rewards-credit-cards/sapphire/reserve,https://offeroptimist.com/images/chase/sapphire-reserve.png,$600 Double-Dippable $300 Travel Credit
Southwest Rapid Rewards Performance Business,Chase,Visa,Southwest Miles,80000,5000,90,https://www.southwest.com/html/rapidrewards/partners/credit-cards/southwest-airlines-rapid-rewards-business-cards/index.html,FALSE,,TRUE,199,FALSE,1,https://creditcards.chase.com/business-credit-cards/southwest/performance-business,https://offeroptimist.com/images/chase/southwest-rapid-rewards-performance-business.png,$100 4x Upgraded Boardings; $100 Global Entry / TSA PreCheck / NEXUS Credit
Southwest Rapid Rewards Plus,Chase,Visa,Southwest Miles,50000,3000,90,https://creditcards.chase.com/travel-credit-cards/southwest/plus,TRUE,,FALSE,69,FALSE,1,https://creditcards.chase.com/travel-credit-cards/southwest/plus,https://offeroptimist.com/images/chase/southwest-rapid-rewards-plus.png,
Southwest Rapid Rewards Premier,Chase,Visa,Southwest Miles,50000,1000,90,https://creditcards.chase.com/travel-credit-cards/southwest/premier,TRUE,,FALSE,99,FALSE,1,https://creditcards.chase.com/travel-credit-cards/southwest/premier,https://offeroptimist.com/images/chase/southwest-rapid-rewards-premier.png,
Southwest Rapid Rewards Premier Business,Chase,Visa,Southwest Miles,60000,3000,90,https://www.uscreditcardguide.com/chase-southwest-premier-business-credit-card/,FALSE,,TRUE,99,FALSE,1,https://creditcards.chase.com/business-credit-cards/southwest/premier-business,https://offeroptimist.com/images/chase/southwest-rapid-rewards-premier-business.png,
Southwest Rapid Rewards Priority,Chase,Visa,Southwest Miles,50000,1000,90,https://creditcards.chase.com/a1/southwest/NAEP50KPriority1222,TRUE,,FALSE,149,FALSE,1,https://creditcards.chase.com/travel-credit-cards/southwest/priority,https://offeroptimist.com/images/chase/southwest-rapid-rewards-priority.png,$75 Southwest Credit
United Business,Chase,Visa,United Miles,75000,5000,90,https://creditcards.chase.com/business-credit-cards/united/united-business-card,FALSE,,TRUE,99,FALSE,1,https://creditcards.chase.com/business-credit-cards/united/united-business-card,https://offeroptimist.com/images/chase/united-business.png,$100 United Credit
United Club Infinite,Chase,Visa,United Miles,80000,5000,90,https://creditcards.chase.com/travel-credit-cards/united/club-infinite,TRUE,,FALSE,525,FALSE,1,https://creditcards.chase.com/travel-credit-cards/united/club-infinite,https://offeroptimist.com/images/chase/united-club-infinite.png,$650 United Lounges; $100 Global Entry TSA PreCheck/NEXUS Credit
United Club Business,Chase,Visa,United Miles,75000,5000,90,https://creditcards.chase.com/business-credit-cards/united/united-club-business,FALSE,,TRUE,450,FALSE,1,https://creditcards.chase.com/business-credit-cards/united/united-club-business,https://offeroptimist.com/images/chase/united-club-business.png,$650 United Lounge Access
United Explorer,Chase,Visa,United Miles,60000,6000,90,https://www.theexplorercard.com/united-rewards-cards,TRUE,,FALSE,95,FALSE,1,https://creditcards.chase.com/travel-credit-cards/united/united-explorer,https://offeroptimist.com/images/chase/united-explorer.png,$50 First checked bag free; $100 Global Entry TSA PreCheck/NEXUS Credit
United Explorer,Chase,Visa,United Miles,50000,6000,90,https://creditcards.chase.com/travel-credit-cards/united/united-explorer,TRUE,,FALSE,95,FALSE,1,https://creditcards.chase.com/travel-credit-cards/united/united-explorer,https://offeroptimist.com/images/chase/united-explorer.png,$50 First checked bag free; $100 Global Entry TSA PreCheck/NEXUS Credit
United Gateway,Chase,Visa,United Miles,20000,1000,90,https://creditcards.chase.com/travel-credit-cards/united/united-gateway,TRUE,,FALSE,0,FALSE,1,https://creditcards.chase.com/travel-credit-cards/united/united-gateway,https://offeroptimist.com/images/chase/united-gateway.png,
United Quest,Chase,Visa,United Miles,60000,4000,90,https://creditcards.chase.com/travel-credit-cards/united/united-quest,TRUE,,FALSE,250,FALSE,1,https://creditcards.chase.com/travel-credit-cards/united/united-quest,https://offeroptimist.com/images/chase/united-quest.png,$125 United Credit
World of Hyatt,Chase,Visa,Hyatt Points,30000,3000,90,https://world.hyatt.com/content/gp/en/rewards/hyatt-credit-card.html,TRUE,,FALSE,95,FALSE,1,https://world.hyatt.com/content/gp/en/rewards/hyatt-credit-card.html,https://offeroptimist.com/images/chase/world-of-hyatt.png,$225 Free Night Credit @ Category 1-4 Property
World of Hyatt Business,Chase,Visa,Hyatt Points,60000,5000,90,https://world.hyatt.com/content/gp/en/rewards/business-card.html,FALSE,,TRUE,199,FALSE,1,https://world.hyatt.com/content/gp/en/rewards/business-card.html,https://offeroptimist.com/images/chase/world-of-hyatt-business.png,$100 2x$50 Hyatt Credits
Quicksilver,Capital One,Visa,USD,200,500,90,https://www.capitalone.com/credit-cards/quicksilver/,TRUE,,FALSE,0,FALSE,1,https://www.capitalone.com/credit-cards/quicksilver/,https://offeroptimist.com/images/capitalone/quicksilver.webp,
Savor,Capital One,Visa,USD,300,3000,90,https://www.capitalone.com/credit-cards/savor-dining-rewards/,TRUE,,FALSE,99,FALSE,1,https://www.capitalone.com/credit-cards/savor-dining-rewards/,https://offeroptimist.com/images/capitalone/savor.webp,
SavorOne,Capital One,Visa,USD,200,500,90,https://www.capitalone.com/credit-cards/savorone-dining-rewards/,TRUE,,FALSE,0,FALSE,1,https://www.capitalone.com/credit-cards/savorone-dining-rewards/,https://offeroptimist.com/images/capitalone/savor-one.webp,
Spark 1.5% Cash Select,Capital One,Visa,USD,500,4500,90,https://www.capitalone.com/small-business/credit-cards/spark-cash-select,TRUE,,TRUE,0,FALSE,1,https://www.capitalone.com/small-business/credit-cards/spark-cash-select,https://offeroptimist.com/images/capitalone/spark-cash.webp,
Spark 1.5% Miles Select,Capital One,Visa,Capital One Points,20000,3000,90,https://www.capitalone.com/small-business/credit-cards/spark-miles-select/,TRUE,,TRUE,0,FALSE,1,https://www.capitalone.com/small-business/credit-cards/spark-miles-select/,https://offeroptimist.com/images/capitalone/spark-miles.webp,
Spark 2% Cash Plus,Capital One,Visa,USD,500,5000,90,https://www.capitalone.com/small-business/credit-cards/spark-cash-plus/,FALSE,,TRUE,150,FALSE,1,https://www.capitalone.com/small-business/credit-cards/spark-cash-plus/,https://offeroptimist.com/images/capitalone/spark-cash.webp,
Spark 2x Miles Plus,Capital One,Visa,Capital One Points,50000,4500,90,https://www.capitalone.com/small-business/credit-cards/spark-miles/,FALSE,,TRUE,99,FALSE,1,https://www.capitalone.com/small-business/credit-cards/spark-miles/,https://offeroptimist.com/images/capitalone/spark-miles.webp,
Venture Rewards,Capital One,Visa,Capital One Points,75000,4000,90,https://www.capitalone.com/credit-cards/venture/,TRUE,,FALSE,95,FALSE,1,https://www.capitalone.com/credit-cards/venture/,https://offeroptimist.com/images/capitalone/venture-rewards.webp,$100 2x Capital One Lounge Visits; $100 Global Entry / TSA PreCheck Credit
Venture X,Capital One,Visa,Capital One Points,75000,4000,90,https://www.capitalone.com/credit-cards/venture-x/,TRUE,,FALSE,395,FALSE,2,https://www.capitalone.com/credit-cards/venture-x/,https://offeroptimist.com/images/capitalone/venture-x.webp,$300 Travel Credit; $100 Global Entry / TSA PreCheck Credit; $300 Capital One Lounge Access
VentureOne,Capital One,Visa,Capital One Points,20000,500,90,https://www.capitalone.com/credit-cards/ventureone/,TRUE,,FALSE,0,FALSE,1,https://www.capitalone.com/credit-cards/ventureone/,https://offeroptimist.com/images/capitalone/venture-one.webp,
AAdvantage Executive,Citi,Mastercard,American AAdvantage Miles,50000,6500,90,https://citi.com/lounge,TRUE,,FALSE,450,FALSE,1,https://creditcards.aa.com/citi-executive-card-american-airlines-direct/,https://offeroptimist.com/images/citi/aadvantage-executive.webp,
AAdvantage MileUp,Citi,Mastercard,American AAdvantage Miles,10000,500,90,https://creditcards.aa.com/citi-mileup-card-american-airlines-direct/,TRUE,,FALSE,0,FALSE,1,https://creditcards.aa.com/citi-mileup-card-american-airlines-direct/,https://offeroptimist.com/images/citi/aadvantage-mileup.webp,$50 $50 Travel Credit
AAdvantage Platinum Select,Citi,Mastercard,American AAdvantage Miles,50000,2500,90,https://creditcards.aa.com/citi-platinum-card-american-airlines-wand/?utm_medium=referral&utm_source=aa&utm_campaign=ccpage,TRUE,,FALSE,99,FALSE,1,https://creditcards.aa.com/citi-platinum-card-american-airlines-wand/?utm_medium=referral&utm_source=aa&utm_campaign=ccpage,https://offeroptimist.com/images/citi/aadvantage-platinum-select.webp,
AAdvantage Platinum Select Business,Citi,Mastercard,American AAdvantage Miles,65000,4000,90,https://creditcards.aa.com/citi-business-card-american-airlines-wand/?utm_medium=referral&utm_source=aa&utm_campaign=ccpage,FALSE,,TRUE,99,FALSE,1,https://creditcards.aa.com/citi-business-card-american-airlines-wand/?utm_medium=referral&utm_source=aa&utm_campaign=ccpage,https://offeroptimist.com/images/citi/aadvantage-platinum-select-business.webp,$50 First checked bag free
Custom Cash,Citi,Mastercard,USD,200,1500,180,https://www.citi.com/credit-cards/citi-custom-cash-credit-card,TRUE,,FALSE,0,FALSE,2,https://www.citi.com/credit-cards/citi-custom-cash-credit-card,https://offeroptimist.com/images/citi/custom-cash.png,
Premier,Citi,Mastercard,Citi Points,60000,4000,90,https://www.citi.com/credit-cards/citi-premier-credit-card,TRUE,,FALSE,95,FALSE,2,https://www.citi.com/credit-cards/citi-premier-credit-card,https://offeroptimist.com/images/citi/premier.png,$100 Hotel Credit ($500 min purchase)
Rewards+,Citi,Mastercard,Citi Points,20000,1500,90,https://www.citi.com/credit-cards/citi-rewards-plus-credit-card,TRUE,,FALSE,0,FALSE,2,https://www.citi.com/credit-cards/citi-rewards-plus-credit-card,https://offeroptimist.com/images/citi/rewards-plus.png,
AT&T Points Plus,Citi,Mastercard,USD,100,1000,90,https://www.att.com/deals/att-points-plus-citi/,TRUE,,FALSE,0,FALSE,1,https://www.att.com/deals/att-points-plus-citi/,https://offeroptimist.com/images/citi/att-points-plus.jpg,
LATAM Airlines,First Electronic Bank,Mastercard,LATAM Pass Miles,15000,1000,90,https://latampass.latam.com/en_us/earn-miles/latam-airlines-credit-cards,TRUE,,FALSE,0,FALSE,1,https://latampass.latam.com/en_us/earn-miles/latam-airlines-credit-cards,https://offeroptimist.com/images/first/latam-airlines.svg,
LATAM Airlines World Elite,First Electronic Bank,Mastercard,LATAM Pass Miles,40000,2500,90,https://latampass.latam.com/en_us/earn-miles/latam-airlines-credit-cards,TRUE,,FALSE,99,FALSE,1,https://latampass.latam.com/en_us/earn-miles/latam-airlines-credit-cards,https://offeroptimist.com/images/first/latam-airlines-world-elite.webp,
Amtrak Guest Rewards Preferred,FNBO,Mastercard,Amtrak Points,20000,1000,90,https://www.amtrak.com/Apply,TRUE,,FALSE,99,FALSE,1,https://www.amtrak.com/Apply,https://offeroptimist.com/images/fnbo/amtrak-guest-rewards-preferred.jpg,
Amtrak Guest Rewards,FNBO,Mastercard,Amtrak Points,12000,1000,90,https://www.amtrak.com/Apply,TRUE,,FALSE,0,FALSE,1,https://www.amtrak.com/Apply,https://offeroptimist.com/images/fnbo/amtrak-guest-rewards.png,
Best Western Rewards,FNBO,Mastercard,Best Western Points,50000,1000,90,https://www.card.fnbo.com/landing/bestwestern/bestwesternlto,TRUE,,FALSE,0,FALSE,1,https://www.card.fnbo.com/landing/bestwestern/bestwesternlto,https://offeroptimist.com/images/fnbo/best-western-rewards.jpg,
Best Western Rewards Premium,FNBO,Mastercard,Best Western Points,100000,3000,90,https://www.card.fnbo.com/landing/bestwestern/bestwesternlto,TRUE,,FALSE,89,FALSE,1,https://www.card.fnbo.com/landing/bestwestern/bestwesternlto,https://offeroptimist.com/images/fnbo/best-western-rewards-premium.jpg,
Power Cash Rewards,Penfed,Visa,USD,100,1500,90,https://www.penfed.org/credit-cards/power-cash-rewards-visa,TRUE,,FALSE,0,FALSE,1.5,https://www.penfed.org/credit-cards/power-cash-rewards-visa,https://offeroptimist.com/images/penfed/power-cash-rewards.png,
Platinum Rewards,Penfed,Visa,Penfed Points,15000,1500,90,https://www.penfed.org/credit-cards/platinum-rewards-visa,TRUE,,FALSE,0,FALSE,1,https://www.penfed.org/credit-cards/platinum-rewards-visa,https://offeroptimist.com/images/penfed/platinum-rewards.webp,
Pathfinder,Penfed,Visa,Penfed Points,50000,1500,90,https://www.penfed.org/credit-cards/pathfinder-rewards,TRUE,,FALSE,95,FALSE,1,https://www.penfed.org/credit-cards/pathfinder-rewards,https://offeroptimist.com/images/penfed/pathfinder.webp,
Cash Rewards Visa Signature Business,PNC,Visa,USD,200,3000,90,https://www.pnc.com/en/small-business/borrowing/business-credit-cards/pnc-cash-rewards-visa-signature-business-credit-card.html,FALSE,,TRUE,0,FALSE,1.5,https://www.pnc.com/en/small-business/borrowing/business-credit-cards/pnc-cash-rewards-visa-signature-business-credit-card.html,https://offeroptimist.com/images/pnc/cash-rewards-visa-signature-business.webp,
Cathay Pacific,Synchrony Bank,Visa,Cathay Pacific Miles,35000,3000,90,https://www.cathaypacific.com/cx/en_US/offers/collection/Cathay-Pacific-Visa-Card.html,TRUE,,FALSE,0,FALSE,1,https://www.cathaypacific.com/cx/en_US/offers/collection/Cathay-Pacific-Visa-Card.html,https://offeroptimist.com/images/synchrony/cathay-pacific.jpg,
Altitude Connect,U.S. Bank,Visa,U.S. Bank Points,50000,2000,120,https://www.usbank.com/credit-cards/altitude-connect-visa-signature-credit-card.html,TRUE,Points cannot be transferred so are valued at 1cpp.,FALSE,95,FALSE,2,https://www.usbank.com/credit-cards/altitude-connect-visa-signature-credit-card.html,https://offeroptimist.com/images/usbank/altitude-connect.png,
Altitude Go,U.S. Bank,Visa,USD,200,1000,120,https://www.usbank.com/credit-cards/altitude-go-visa-signature-credit-card.html,TRUE,Points cannot be transferred so are valued at 1cpp.,FALSE,0,FALSE,2,https://www.usbank.com/credit-cards/altitude-go-visa-signature-credit-card.html,https://offeroptimist.com/images/usbank/altitude-go.jpg,
Altitude Reserve,U.S. Bank,Visa,U.S. Bank Points,50000,4500,120,https://www.usbank.com/credit-cards/altitude-reserve-visa-infinite-credit-card.html,TRUE,,FALSE,400,FALSE,2,https://www.usbank.com/credit-cards/altitude-reserve-visa-infinite-credit-card.html,https://offeroptimist.com/images/usbank/altitude-reserve.png,$325 $325 Travel + Dining credits
Cash+,U.S. Bank,Visa,USD,200,1000,120,https://www.usbank.com/credit-cards/cash-plus-visa-signature-credit-card.html,TRUE,,FALSE,0,FALSE,2,https://www.usbank.com/credit-cards/cash-plus-visa-signature-credit-card.html,https://offeroptimist.com/images/usbank/cash-plus.jpg,
FlexPerks Gold,U.S. Bank,American Express,U.S. Bank Points,30000,2000,120,https://www.usbank.com/credit-cards/flexperks-gold-american-express-credit-card.html,TRUE,,FALSE,85,FALSE,2,https://www.usbank.com/credit-cards/flexperks-gold-american-express-credit-card.html,https://offeroptimist.com/images/usbank/flexperks-gold.jpg,
Business Leverage,U.S. Bank,Visa,USD,750,7500,120,https://bizcards.usbank.com/credit/business-leverage-card.do,FALSE,,TRUE,95,TRUE,1,https://bizcards.usbank.com/credit/business-leverage-card.do,https://offeroptimist.com/images/usbank/business-leverage.webp,
Business Triple Cash Rewards,U.S. Bank,Mastercard,USD,500,4500,150,https://bizcards.usbank.com/credit/business-triple-cash-back-credit-card.do,FALSE,,TRUE,95,TRUE,1,https://bizcards.usbank.com/credit/business-triple-cash-back-credit-card.do,https://offeroptimist.com/images/usbank/business-triple-cash-rewards.webp,
Skypass,U.S. Bank,Visa,Korean SkyPass Miles,30000,3000,90,https://www.skypassvisa.com/credit/visaSignatureCard.do,TRUE,,FALSE,95,FALSE,1,https://www.skypassvisa.com/credit/visaSignatureCard.do,https://offeroptimist.com/images/usbank/skypass.png,$50 $50 Korean Air credit
Skypass Select,U.S. Bank,Visa,Korean SkyPass Miles,30000,3000,90,https://www.skypassvisa.com/credit/visaSelectCard.do,TRUE,,FALSE,450,FALSE,1,https://www.skypassvisa.com/credit/visaSelectCard.do,https://offeroptimist.com/images/usbank/skypass-select.png,$200 $200 travel credit; $50 Korean Air credit; $100 TSA PreCheck or Global Entry fee credit
Skypass Business,U.S. Bank,Visa,Korean SkyPass Miles,30000,3000,90,https://www.skypassvisa.com/credit/visaBusinessCard.do,FALSE,,TRUE,95,FALSE,1,https://www.skypassvisa.com/credit/visaBusinessCard.do,https://offeroptimist.com/images/usbank/skypass-business.png,$50 Korean Air credit; $100 TSA PreCheck or Global Entry fee credit
Shopper Cash Rewards,U.S. Bank,Visa,USD,250,2000,120,https://www.usbank.com/credit-cards/shopper-cash-rewards-visa-signature-credit-card.html,TRUE,,FALSE,95,TRUE,1.5,https://www.usbank.com/credit-cards/shopper-cash-rewards-visa-signature-credit-card.html,https://offeroptimist.com/images/usbank/shopper-cash-rewards.webp,
Business Platinum,Wells Fargo,Visa,USD,300,3000,90,https://www.wellsfargo.com/biz/business-credit/credit-cards/platinum-card/,FALSE,,TRUE,0,FALSE,2,https://www.wellsfargo.com/biz/business-credit/credit-cards/platinum-card/,https://offeroptimist.com/images/wellsfargo/business-platinum.png,
Business Elite Signature,Wells Fargo,Visa,USD,1000,25000,90,https://www.wellsfargo.com/biz/business-credit/credit-cards/business-elite-card/,FALSE,,TRUE,0,FALSE,2,https://www.wellsfargo.com/biz/business-credit/credit-cards/business-elite-card/,https://offeroptimist.com/images/wellsfargo/business-elite-signature.png,
Active Cash,Wells Fargo,Visa,USD,200,2000,90,https://creditcards.wellsfargo.com/active-cash-credit-card/,TRUE,,FALSE,0,FALSE,2,https://creditcards.wellsfargo.com/active-cash-credit-card/,https://offeroptimist.com/images/wellsfargo/active-cash.png,
Autograph,Wells Fargo,Visa,Wells Fargo Points,20000,1500,90,https://creditcards.wellsfargo.com/autograph-visa-credit-card/?sub_channel=SEO&vendor_code=G,TRUE,,FALSE,0,FALSE,2,https://creditcards.wellsfargo.com/autograph-visa-credit-card/?sub_channel=SEO&vendor_code=G,https://offeroptimist.com/images/wellsfargo/autograph.png,
Apple Card,Wells Fargo,Visa,USD,75,0.01,365,https://www.doctorofcredit.com/apple-card-75-signup-bonus-after-first-purchase/,TRUE,,FALSE,0,FALSE,1,https://www.apple.com/apple-card/,https://offeroptimist.com/images/wellsfargo/applecard.png,
Apple Card,Wells Fargo,Visa,USD,75,75,30,https://offers.applecard.apple/partners/credit-karma/terms,TRUE,,FALSE,0,FALSE,1,https://www.apple.com/apple-card/,https://offeroptimist.com/images/wellsfargo/applecard.png,