name,issuer,network,currency,isBusiness,annualFee,isAnnualFeeWaived,universalCashbackPercent,credits,url,imageUrl,offers,historicalOffers,offerAmount,offerSpend,offerUrl,offerDays,countsTowards524
Blue Business Cash,AMERICAN_EXPRESS,AMERICAN_EXPRESS,USD,true,0,false,2,,https://www.americanexpress.com/en-us/business/credit-cards/blue-business-cash/,https://offeroptimist.com/images/amex/blue-business-cash.webp,,,250,3000,,90,false
Blue Business Cash,AMERICAN_EXPRESS,AMERICAN_EXPRESS,USD,true,0,false,2,,https://www.americanexpress.com/en-us/business/credit-cards/blue-business-cash/,https://offeroptimist.com/images/amex/blue-business-cash.webp,,,300,6000,,90,false
Blue Business Cash,AMERICAN_EXPRESS,AMERICAN_EXPRESS,USD,true,0,false,2,,https://www.americanexpress.com/en-us/business/credit-cards/blue-business-cash/,https://offeroptimist.com/images/amex/blue-business-cash.webp,,,500,8000,,90,false
Blue Business Plus,AMERICAN_EXPRESS,AMERICAN_EXPRESS,AMERICAN_EXPRESS,true,0,false,2,,https://www.americanexpress.com/us/credit-cards/business/business-credit-cards/american-express-blue-business-plus-credit-card-amex/,https://offeroptimist.com/images/amex/blue-business-plus.webp,,,30000,6000,,90,false
Blue Business Plus,AMERICAN_EXPRESS,AMERICAN_EXPRESS,AMERICAN_EXPRESS,true,0,false,2,,https://www.americanexpress.com/us/credit-cards/business/business-credit-cards/american-express-blue-business-plus-credit-card-amex/,https://offeroptimist.com/images/amex/blue-business-plus.webp,,,50000,8000,,90,false
Blue Cash Everyday,AMERICAN_EXPRESS,AMERICAN_EXPRESS,USD,false,0,false,2,,https://www.americanexpress.com/us/credit-cards/card/blue-cash-everyday/,https://offeroptimist.com/images/amex/blue-cash-everyday.webp,,,200,2000,https://resy.com/amex-offers?date=2022-10-01&seats=2,180,true
Blue Cash Preferred,AMERICAN_EXPRESS,AMERICAN_EXPRESS,USD,false,95,true,2,84 $7/mo Disney Bundle Credit,https://www.americanexpress.com/us/credit-cards/card/blue-cash-preferred/,https://offeroptimist.com/images/amex/blue-cash-preferred.webp,,,250,3000,https://www.americanexpress.com/us/credit-cards/card/blue-cash-preferred/,180,true
Blue Cash Preferred (Morgan Stanley),AMERICAN_EXPRESS,AMERICAN_EXPRESS,USD,false,95,true,2,84 $7/mo Disney Bundle Credit,https://apply.americanexpress.com/amex-morgan-stanley-credit-cards/,https://offeroptimist.com/images/amex/blue-cash-preferred-morgan-stanley.png,,,350,3000,,180,true
Business Gold,AMERICAN_EXPRESS,AMERICAN_EXPRESS,AMERICAN_EXPRESS,true,375,false,1,,https://www.americanexpress.com/us/credit-cards/business/business-credit-cards/american-express-business-gold-card-amex/,https://offeroptimist.com/images/amex/business-gold.webp,,,70000,10000,,90,false
Business Gold,AMERICAN_EXPRESS,AMERICAN_EXPRESS,AMERICAN_EXPRESS,true,375,false,1,,https://www.americanexpress.com/us/credit-cards/business/business-credit-cards/american-express-business-gold-card-amex/,https://offeroptimist.com/images/amex/business-gold.webp,,,125000,10000,,90,false
Business Gold,AMERICAN_EXPRESS,AMERICAN_EXPRESS,AMERICAN_EXPRESS,true,375,false,1,,https://www.americanexpress.com/us/credit-cards/business/business-credit-cards/american-express-business-gold-card-amex/,https://offeroptimist.com/images/amex/business-gold.webp,,,150000,10000,https://www.doctorofcredit.com/ymmv-american-express-business-gold-150000-point-no-lifetime-language/,90,false
Business Green,AMERICAN_EXPRESS,AMERICAN_EXPRESS,AMERICAN_EXPRESS,true,95,false,1,,https://www.americanexpress.com/us/credit-cards/business/business-credit-cards/american-express-business-green-card-amex/,https://offeroptimist.com/images/amex/business-green.webp,,,25000,3000,,90,false
Business Green,AMERICAN_EXPRESS,AMERICAN_EXPRESS,AMERICAN_EXPRESS,true,95,false,1,,https://www.americanexpress.com/us/credit-cards/business/business-credit-cards/american-express-business-green-card-amex/,https://offeroptimist.com/images/amex/business-green.webp,,,15000,3000,,90,false
Business Platinum,AMERICAN_EXPRESS,AMERICAN_EXPRESS,AMERICAN_EXPRESS,true,695,false,1,400 Dell credit; 120 Wireless credit; 200 Airline fee credit; 189 CLEAR credit; 650 Lounge access,https://www.americanexpress.com/us/credit-cards/business/business-credit-cards/american-express-business-platinum-credit-card-amex/,https://offeroptimist.com/images/amex/business-platinum.webp,,,150000,20000,,90,false
Business Platinum,AMERICAN_EXPRESS,AMERICAN_EXPRESS,AMERICAN_EXPRESS,true,695,false,1,400 Dell credit; 120 Wireless credit; 200 Airline fee credit; 189 CLEAR credit; 650 Lounge access,https://www.americanexpress.com/us/credit-cards/business/business-credit-cards/american-express-business-platinum-credit-card-amex/,https://offeroptimist.com/images/amex/business-platinum.webp,,,120000,20000,,90,false
Cash Magnet,AMERICAN_EXPRESS,AMERICAN_EXPRESS,USD,false,0,false,1.5,,https://www.americanexpress.com/us/credit-cards/card/cash-magnet/,https://offeroptimist.com/images/amex/cash-magnet.webp,,,200,2000,https://www.americanexpress.com/us/credit-cards/card/cash-magnet/,180,true
Delta SkyMiles Blue,AMERICAN_EXPRESS,AMERICAN_EXPRESS,DELTA,false,0,false,1,,https://www.americanexpress.com/us/credit-cards/card/delta-skymiles-blue-american-express-card/,https://offeroptimist.com/images/amex/delta-skymiles-blue.jpg,,,10000,1000,https://www.americanexpress.com/us/credit-cards/card/delta-skymiles-blue-american-express-card/,90,true
Delta SkyMiles Gold,AMERICAN_EXPRESS,AMERICAN_EXPRESS,DELTA,false,99,false,1,50 First checked bag free,https://www.americanexpress.com/us/credit-cards/card/delta-skymiles-gold-american-express-card/,https://offeroptimist.com/images/amex/delta-skymiles-gold.jpg,,,65000,3000,,180,true
Delta SkyMiles Gold Business,AMERICAN_EXPRESS,AMERICAN_EXPRESS,DELTA,true,150,true,1,,https://www.americanexpress.com/en-us/business/credit-cards/delta-skymiles-gold/,https://offeroptimist.com/images/amex/delta-skymiles-gold-business.webp,,,75000,4000,,180,false
Delta SkyMiles Platinum,AMERICAN_EXPRESS,AMERICAN_EXPRESS,DELTA,false,350,false,1,500 Companion Pass,https://www.americanexpress.com/us/credit-cards/card/delta-skymiles-platinum-american-express-card/,https://offeroptimist.com/images/amex/delta-skymiles-platinum.webp,,,85000,3000,,180,true
Delta SkyMiles Platinum Business,AMERICAN_EXPRESS,AMERICAN_EXPRESS,DELTA,true,350,false,1,100 $100 Global Entry / $85 TSA PreCheck Credit; 500 Companion Pass; 50 First checked bag free,https://www.americanexpress.com/en-us/business/credit-cards/delta-skymiles-platinum/,https://offeroptimist.com/images/amex/delta-skymiles-platinum-business.webp,,,95000,8000,,180,false
Delta SkyMiles Reserve,AMERICAN_EXPRESS,AMERICAN_EXPRESS,DELTA,false,550,false,1,,https://www.americanexpress.com/us/credit-cards/card/delta-skymiles-reserve-american-express-card/,https://offeroptimist.com/images/amex/delta-skymiles-reserve.webp,,,95000,6000,,180,true
Delta SkyMiles Reserve Business,AMERICAN_EXPRESS,AMERICAN_EXPRESS,DELTA,true,550,false,1,,https://www.americanexpress.com/en-us/business/credit-cards/delta-skymiles-reserve/,https://offeroptimist.com/images/amex/delta-skymiles-reserve-business.webp,,,110000,12000,,180,false
Everyday,AMERICAN_EXPRESS,AMERICAN_EXPRESS,AMERICAN_EXPRESS,false,0,false,1,,https://www.americanexpress.com/us/credit-cards/card/amex-everyday/,https://offeroptimist.com/images/amex/everyday.png,,,10000,2000,,180,true
Everyday Preferred,AMERICAN_EXPRESS,AMERICAN_EXPRESS,AMERICAN_EXPRESS,false,95,false,1,,https://www.americanexpress.com/us/credit-cards/card/amex-everyday-preferred/,https://offeroptimist.com/images/amex/everyday-preferred.jpg,,,15000,2000,https://www.americanexpress.com/us/credit-cards/card/amex-everyday-preferred/,180,true
Gold,AMERICAN_EXPRESS,AMERICAN_EXPRESS,AMERICAN_EXPRESS,false,250,false,1,"120 $10/mo credit for Uber; 120 $10/mo credit for Grubhub, Cheesecake Factory, Gold Belly, Wine.com, Milk, Shake Shack",https://www.americanexpress.com/us/credit-cards/card/gold-card/,https://offeroptimist.com/images/amex/gold.webp,,,75000,6000,https://resy.com/amex-offers?date=2022-07-16&seats=2,180,true
Gold,AMERICAN_EXPRESS,AMERICAN_EXPRESS,AMERICAN_EXPRESS,false,250,false,1,"120 $10/mo credit for Uber; 120 $10/mo credit for Grubhub, Cheesecake Factory, Gold Belly, Wine.com, Milk, Shake Shack",https://www.americanexpress.com/us/credit-cards/card/gold-card/,https://offeroptimist.com/images/amex/gold.webp,,,90000,4000,,180,true
Gold,AMERICAN_EXPRESS,AMERICAN_EXPRESS,AMERICAN_EXPRESS,false,250,false,1,"120 $10/mo credit for Uber; 120 $10/mo credit for Grubhub, Cheesecake Factory, Gold Belly, Wine.com, Milk, Shake Shack",https://www.americanexpress.com/us/credit-cards/card/gold-card/,https://offeroptimist.com/images/amex/gold.webp,,,60000,6000,,180,true
Green,AMERICAN_EXPRESS,AMERICAN_EXPRESS,AMERICAN_EXPRESS,false,150,false,1,100 CLEAR Credit; 100 Lounge Access Credit,https://www.americanexpress.com/us/credit-cards/card/green/,https://offeroptimist.com/images/amex/green.webp,,,40000,3000,,180,true
Hilton Honors,AMERICAN_EXPRESS,AMERICAN_EXPRESS,HILTON,false,0,false,1,,https://www.hilton.com/en/hilton-honors/credit-cards/,https://offeroptimist.com/images/amex/hilton-honors.png,,,70000,2000,,180,true
Hilton Honors Aspire,AMERICAN_EXPRESS,AMERICAN_EXPRESS,HILTON,false,550,false,1,250 Hilton Resort Credit,https://www.hilton.com/en/hilton-honors/credit-cards/,https://offeroptimist.com/images/amex/hilton-honors-aspire.png,,,170000,6000,,180,true
Hilton Honors Business,AMERICAN_EXPRESS,AMERICAN_EXPRESS,HILTON,true,175,false,5,240 $60 Hilton credit per quarter.,https://www.hilton.com/en/hilton-honors/credit-cards/,https://offeroptimist.com/images/amex/hilton-honors-business.png,,,175000,8000,,180,false
Hilton Honors Surpass,AMERICAN_EXPRESS,AMERICAN_EXPRESS,HILTON,false,95,false,1,,https://www.hilton.com/en/hilton-honors/credit-cards/,https://offeroptimist.com/images/amex/hilton-honors-surpass.jpg,,,130000,3000,,180,true
Marriott Bonvoy Brilliant,AMERICAN_EXPRESS,AMERICAN_EXPRESS,MARRIOTT,false,650,false,1,300 $25/mo Dining Credit,https://www.americanexpress.com/us/credit-cards/card/marriott-bonvoy-brilliant/,https://offeroptimist.com/images/amex/marriott-bonvoy-brilliant.webp,,,95000,6000,,180,true
Marriott Bonvoy Business,AMERICAN_EXPRESS,AMERICAN_EXPRESS,MARRIOTT,true,125,false,1,,https://www.americanexpress.com/us/credit-cards/business/business-credit-cards/amex-marriott-bonvoy-business-credit-card/,https://offeroptimist.com/images/amex/marriott-bonvoy-business.webp,,,0,8000,,90,false
Platinum,AMERICAN_EXPRESS,AMERICAN_EXPRESS,AMERICAN_EXPRESS,false,695,false,1,200 Hotel Credit; 100 Bi-yearly $50 Saks Credit; 200 $20/mo Digital Entertainment Credit; 200 $15/mo Uber Cash; 200 Airline Fee Credit; 155 Walmart+ Credit; 189 CLEAR Credit,https://www.americanexpress.com/us/credit-cards/card/platinum/,https://offeroptimist.com/images/amex/platinum.webp,,,175000,8000,,180,true
Platinum,AMERICAN_EXPRESS,AMERICAN_EXPRESS,AMERICAN_EXPRESS,false,695,false,1,200 Hotel Credit; 100 Bi-yearly $50 Saks Credit; 200 $20/mo Digital Entertainment Credit; 200 $15/mo Uber Cash; 200 Airline Fee Credit; 155 Walmart+ Credit; 189 CLEAR Credit,https://www.americanexpress.com/us/credit-cards/card/platinum/,https://offeroptimist.com/images/amex/platinum.webp,,,100000,8000,https://resy.com/global-dining-access?date=2024-05-27&seats=2#,180,true
Platinum,AMERICAN_EXPRESS,AMERICAN_EXPRESS,AMERICAN_EXPRESS,false,695,false,1,200 Hotel Credit; 100 Bi-yearly $50 Saks Credit; 200 $20/mo Digital Entertainment Credit; 200 $15/mo Uber Cash; 200 Airline Fee Credit; 155 Walmart+ Credit; 189 CLEAR Credit,https://www.americanexpress.com/us/credit-cards/card/platinum/,https://offeroptimist.com/images/amex/platinum.webp,,,80000,8000,,180,true
Platinum (Schwab),AMERICAN_EXPRESS,AMERICAN_EXPRESS,AMERICAN_EXPRESS,false,695,false,1,200 Hotel Credit; 200 $20/mo Digital Entertainment Credit; 200 $15/mo Uber Cash; 200 Airline Fee Credit; 155 Walmart+ Credit; 189 CLEAR Credit,https://www.schwab.com/credit-cards#panel--50-media-right-117911,https://offeroptimist.com/images/amex/platinum-schwab.webp,,,80000,6000,https://www.schwab.com/credit-cards#panel--50-media-right-117911,180,true
Platinum (Morgan Stanley),AMERICAN_EXPRESS,AMERICAN_EXPRESS,AMERICAN_EXPRESS,false,695,false,1,200 Hotel Credit; 200 $20/mo Digital Entertainment Credit; 200 $15/mo Uber Cash; 200 Airline Fee Credit; 155 Walmart+ Credit; 189 CLEAR Credit,https://apply.americanexpress.com/amex-morgan-stanley-credit-cards/,https://offeroptimist.com/images/amex/platinum-morgan-stanley.webp,,,125000,8000,,180,true
Marriott Bonvoy Bevy,AMERICAN_EXPRESS,AMERICAN_EXPRESS,MARRIOTT,false,250,false,1,,https://www.americanexpress.com/us/credit-cards/card/marriott-bonvoy-bevy/,https://offeroptimist.com/images/amex/marriott-bonvoy-bevy.png,,,85000,5000,,180,true
Lowes,AMERICAN_EXPRESS,AMERICAN_EXPRESS,USD,true,0,false,1,,https://www.americanexpress.com/us/credit-cards/business/business-credit-cards/lowes-credit-cards/,https://offeroptimist.com/images/amex/lowes-business.webp,,,100,0,,90,false
Schwab Investor,AMERICAN_EXPRESS,AMERICAN_EXPRESS,USD,false,0,false,1,,https://www.schwab.com/public/schwab/investing/accounts_products/credit_cards?ENTRY_POINT=IIAH,https://offeroptimist.com/images/amex/schwab-investor.webp,,,200,1000,https://www.schwab.com/public/schwab/investing/accounts_products/credit_cards?ENTRY_POINT=IIAH,90,true
Air France KLM,BANK_OF_AMERICA,MASTERCARD,FLYING_BLUE,false,89,false,1,,https://wwws.airfrance.us/information/flyingblue/carte-bancaire-partenaire,https://offeroptimist.com/images/bankofamerica/air-france-klm.webp,,,70000,3000,,90,true
Alaska Airlines,BANK_OF_AMERICA,VISA,ALASKA,false,95,false,1,200 Companion Fare,https://www.alaskaair.com/content/credit-card/visa-signature,https://offeroptimist.com/images/bankofamerica/alaska-airlines.png,,,60000,3000,,90,true
Alaska Airlines Business,BANK_OF_AMERICA,VISA,ALASKA,true,75,false,1,50 Free checked bag; 100 Companion fee,https://www.alaskaair.com/content/credit-card/visa-small-business-card,https://offeroptimist.com/images/bankofamerica/alaska-airlines-business.png,,,50000,3000,,90,false
Customized Cash Rewards,BANK_OF_AMERICA,VISA,USD,false,0,false,1,,https://www.bankofamerica.com/credit-cards/products/cash-back-credit-card/,https://offeroptimist.com/images/bankofamerica/customized-cash-rewards.jpg,,,200,1000,,90,true
Premium Rewards,BANK_OF_AMERICA,VISA,BANK_OF_AMERICA,false,95,false,1,,https://www.bankofamerica.com/credit-cards/products/premium-rewards-credit-card/,https://offeroptimist.com/images/bankofamerica/premium-rewards.png,,,60000,4000,https://www.bankofamerica.com/credit-cards/products/premium-rewards-credit-card/,90,true
Premium Rewards Elite,BANK_OF_AMERICA,VISA,BANK_OF_AMERICA,false,550,false,1,"300 Incidental Airline Statement Credits; 150 Annaul $150 streaming, delivery, fitness, and transit credit; 100 $100 credit for Global Entry or TSA PreCheck",https://www.bankofamerica.com/credit-cards/products/premium-rewards-elite-credit-card/,https://offeroptimist.com/images/bankofamerica/premium-rewards-elite.png,,,75000,5000,https://www.bankofamerica.com/credit-cards/products/premium-rewards-elite-credit-card/,90,true
Travel Rewards,BANK_OF_AMERICA,VISA,BANK_OF_AMERICA,false,0,false,1.5,,https://www.bankofamerica.com/credit-cards/products/travel-rewards-credit-card/,https://offeroptimist.com/images/bankofamerica/travel-rewards.png,,,25000,1000,https://www.bankofamerica.com/credit-cards/products/travel-rewards-credit-card/,90,true
Unlimited Cash Rewards,BANK_OF_AMERICA,VISA,USD,false,0,false,1.5,,https://www.bankofamerica.com/credit-cards/products/unlimited-cash-back-credit-card/,https://offeroptimist.com/images/bankofamerica/unlimited-cash-rewards.png,,,200,1000,https://www.bankofamerica.com/credit-cards/products/unlimited-cash-back-credit-card/,90,true
Business Advantage Customized Cash,BANK_OF_AMERICA,MASTERCARD,USD,true,0,false,1.5,,https://www.bankofamerica.com/smallbusiness/credit-cards/products/cash-rewards-business-credit-card/?campaign=4053371~X7~en_US,https://offeroptimist.com/images/bankofamerica/business-advantage-customized-cash.jpg,,,300,3000,https://www.bankofamerica.com/smallbusiness/credit-cards/products/cash-rewards-business-credit-card/?campaign=4053371~X7~en_US,90,false
Business Advantage Unlimited Cash,BANK_OF_AMERICA,MASTERCARD,USD,true,0,false,1.5,,https://www.bankofamerica.com/smallbusiness/credit-cards/products/unlimited-cash-rewards-business-credit-card/?campaign=4052289~52~en_US,https://offeroptimist.com/images/bankofamerica/business-advantage-unlimited-cash.webp,,,300,3000,https://www.bankofamerica.com/smallbusiness/credit-cards/products/unlimited-cash-rewards-business-credit-card/,90,false
Business Advantage Travel Rewards,BANK_OF_AMERICA,MASTERCARD,BANK_OF_AMERICA,true,0,false,1.5,,https://www.bankofamerica.com/smallbusiness/credit-cards/products/travel-rewards-business-credit-card/?campaign=4053417~2P~en_US,https://offeroptimist.com/images/bankofamerica/business-advantage-travel-rewards.webp,,,30000,3000,https://www.bankofamerica.com/smallbusiness/credit-cards/products/travel-rewards-business-credit-card/?campaign=4053417~2P~en_US,90,false
Platinum Plus,BANK_OF_AMERICA,MASTERCARD,USD,true,0,false,1.5,,https://www.bankofamerica.com/smallbusiness/credit-cards/products/platinum-plus-business-credit-card/?campaign=4053445~YT~en_US,https://offeroptimist.com/images/bankofamerica/platinum-plus.webp,,,300,3000,https://www.bankofamerica.com/smallbusiness/credit-cards/products/platinum-plus-business-credit-card/?campaign=4053445~YT~en_US,90,false
Free Spirit,BANK_OF_AMERICA,MASTERCARD,SPIRIT,false,79,true,1.5,100 Companion Flight Voucher,https://www.bankofamerica.com/credit-cards/products/spirit-airlines-credit-card/,https://offeroptimist.com/images/bankofamerica/free-spirit.webp,,,50000,1000,,90,true
AAdvantage Aviator Red World Elite,BARCLAYS,MASTERCARD,AMERICAN,false,99,false,1,,https://cards.barclaycardus.com/banking/cards/aadvantage-aviator-red-world-elite-mastercard/,https://offeroptimist.com/images/barclays/aadvantage-aviator-red-world-elite.png,,,50000,99.01,,90,true
AARP Essential Rewards,BARCLAYS,MASTERCARD,USD,false,0,false,1,,https://cards.barclaycardus.com/banking/cards/aarp-essential-rewards-mastercard/,https://offeroptimist.com/images/barclays/aarp-essential-rewards.png,,,100,500,,90,true
AARP Travel Rewards,BARCLAYS,MASTERCARD,USD,false,0,false,1,,https://cards.barclaycardus.com/banking/cards/aarp-travel-rewards-mastercard/,https://offeroptimist.com/images/barclays/aarp-travel-rewards.png,,,100,500,,90,true
Carnival World Mastercard,BARCLAYS,MASTERCARD,CARNIVAL,false,0,false,1,,https://cards.barclaycardus.com/banking/cards/carnival-world-mastercard/,https://offeroptimist.com/images/barclays/carnival-world-mastercard.png,,,20000,500,,90,true
Emirates Skywards Premium World Elite,BARCLAYS,MASTERCARD,EMIRATES,false,499,false,1,,https://cards.barclaycardus.com/banking/cards/emirates-skywards-premium-world-elite-mastercard/,https://offeroptimist.com/images/barclays/emirates-skywards-premium-world-elite.png,,,70000,3000,,90,true
Emirates Skywards Rewards World Elite,BARCLAYS,MASTERCARD,EMIRATES,false,99,false,1,,https://cards.barclaycardus.com/banking/cards/emirates-skywards-rewards-world-elite-mastercard/,https://offeroptimist.com/images/barclays/emirates-skywards-rewards-world-elite.png,,,60000,3000,,90,true
Frontier Airlines World,BARCLAYS,MASTERCARD,FRONTIER,false,89,true,1,,https://cards.barclaycardus.com/banking/cards/frontier-airlines-world-mastercard/,https://offeroptimist.com/images/barclays/frontier-airlines-world.png,,,40000,500,,90,true
Frontier Airlines World,BARCLAYS,MASTERCARD,FRONTIER,false,89,true,1,,https://cards.barclaycardus.com/banking/cards/frontier-airlines-world-mastercard/,https://offeroptimist.com/images/barclays/frontier-airlines-world.png,,,60000,2000,,180,true
Hawaiian Airlines World Elite,BARCLAYS,MASTERCARD,HAWAIIAN,false,99,false,1,,https://cards.barclaycardus.com/banking/cards/hawaiian-airlines-world-elite-mastercard/,https://offeroptimist.com/images/barclays/hawaiian-airlines-world-elite.png,,,70000,2000,,90,true
JetBlue,BARCLAYS,MASTERCARD,JETBLUE,false,0,false,1,,https://cards.barclaycardus.com/banking/cards/jetblue-card/,https://offeroptimist.com/images/barclays/jetblue.png,,,10000,1000,,90,true
JetBlue Business,BARCLAYS,MASTERCARD,JETBLUE,true,99,false,1,50 Free checked bag,https://cards.barclaycardus.com/banking/cards/jetblue-business-card/,https://offeroptimist.com/images/barclays/jetblue-business.png,,,60000,4000,,90,false
JetBlue Plus,BARCLAYS,MASTERCARD,JETBLUE,false,99,false,1,,https://cards.barclaycardus.com/banking/cards/jetblue-plus-card/,https://offeroptimist.com/images/barclays/jetblue-plus.png,,,50000,1000,,90,true
Lufthansa Miles & More,BARCLAYS,MASTERCARD,LUFTHANSA,false,89,false,1,,https://cards.barclaycardus.com/banking/cards/lufthansa-miles-more-world-elite-mastercard,https://offeroptimist.com/images/barclays/lufthansa-miles-and-more.png,,,50000,3000,,90,true
Upromise,BARCLAYS,MASTERCARD,USD,false,0,false,1,,https://cards.barclaycardus.com/banking/cards/upromise-world-mastercard/,https://offeroptimist.com/images/barclays/upromise.png,,,100,500,https://cards.barclaycardus.com/banking/cards/upromise-world-mastercard/,90,true
Wyndham Rewards Earner,BARCLAYS,VISA,WYNDHAM,false,0,false,1,,https://www.wyndhamrewardscreditcard.com/#earner,https://offeroptimist.com/images/barclays/wyndham-rewards-earner.svg,,,75000,2000,,180,true
Wyndham Rewards Earner Business,BARCLAYS,VISA,WYNDHAM,true,95,false,1,,https://www.wyndhamrewardscreditcard.com/#earnerbusiness,https://offeroptimist.com/images/barclays/wyndham-rewards-earner-business.png,,,50000,4000,,90,false
Wyndham Rewards Earner Business,BARCLAYS,VISA,WYNDHAM,true,95,false,1,,https://www.wyndhamrewardscreditcard.com/#earnerbusiness,https://offeroptimist.com/images/barclays/wyndham-rewards-earner-business.png,,,100000,15000,,365,false
Wyndham Rewards Earner Plus,BARCLAYS,VISA,WYNDHAM,false,75,false,1,,https://www.wyndhamrewardscreditcard.com/#earnerplus,https://offeroptimist.com/images/barclays/wyndham-rewards-earner-plus.png,,,75000,2000,,180,true
Hawaiian Airlines World Elite Business,BARCLAYS,MASTERCARD,HAWAIIAN,true,99,false,1,99 Hawaiian statement credit,https://cards.barclaycardus.com/banking/cards/hawaiian-airlines-world-elite-business-mastercard/,https://offeroptimist.com/images/barclays/hawaiian-airlines-world-elite-business.png,,,50000,2000,,90,false
Breeze,BARCLAYS,VISA,BREEZE,false,89,false,1,,https://cards.barclaycardus.com/banking/credit-card/breeze-airways/visa-visa-signature-preferred/partner-banner/d4de94d1-c1da-4237-9eff-df975fb4bb87/?referrerid=PTRBAHPE50XX0324,https://offeroptimist.com/images/barclays/breeze.png,,,50000,2000,,90,true
Xbox,BARCLAYS,MASTERCARD,BARCLAYS,false,0,false,1,,https://cards.barclaycardus.com/banking/cards/xbox-mastercard/,https://offeroptimist.com/images/barclays/xbox.png,,,5000,0.01,,180,true
Xbox,BARCLAYS,MASTERCARD,BARCLAYS,false,0,false,1,,https://cards.barclaycardus.com/banking/cards/xbox-mastercard/,https://offeroptimist.com/images/barclays/xbox.png,,,7000,7000,,365,true
Brex,BREX,MASTERCARD,BREX,false,0,false,1,,https://www.brex.com/product/credit-card/,https://offeroptimist.com/images/brex/brex.png,,,10000,3000,https://www.brex.com/product/credit-card/,90,true
Marriott Bonvoy Bountiful,CHASE,VISA,MARRIOTT,false,250,false,1,,https://creditcards.chase.com/travel-credit-cards/marriott-bonvoy/bountiful?iCELL=61GD,https://offeroptimist.com/images/chase/marriott-bonvoy-bountiful.png,,,85000,4000,,90,true
Aer Lingus Signature,CHASE,VISA,AVIOS,false,95,false,1,,https://creditcards.chase.com/travel-credit-cards/avios/aer-lingus,https://offeroptimist.com/images/chase/aer-lingus-signature.png,,,85000,5000,,90,true
Aeroplan,CHASE,MASTERCARD,AEROPLAN,false,95,false,1,,https://creditcards.chase.com/travel-credit-cards/aircanada/aeroplan,https://offeroptimist.com/images/chase/aeroplan.jpg,,,70000,3000,,90,true
British Airways Signature,CHASE,VISA,AVIOS,false,95,false,1,,https://creditcards.chase.com/travel-credit-cards/avios/british-airways,https://offeroptimist.com/images/chase/british-airways.png,,,85000,5000,,90,true
Disney Premier,CHASE,VISA,USD,false,49,false,1,,https://disneyrewards.com/compare-cards/?cell=608S11,https://offeroptimist.com/images/chase/disney.png,,,300,1000,,90,true
Disney,CHASE,VISA,USD,false,0,false,1,,https://disneyrewards.com/,https://offeroptimist.com/images/chase/disney.png,,,150,500,,90,true
Freedom Flex,CHASE,MASTERCARD,CHASE,false,0,false,1,,https://creditcards.chase.com/cash-back-credit-cards/freedom/flex,https://offeroptimist.com/images/chase/freedom-flex.png,,,20000,500,https://www.referyourchasecard.com/18M/BDWS964YDG,90,true
Freedom Flex,CHASE,MASTERCARD,CHASE,false,0,false,1,,https://creditcards.chase.com/cash-back-credit-cards/freedom/flex,https://offeroptimist.com/images/chase/freedom-flex.png,,,10000,500,,90,true
Freedom Unlimited,CHASE,VISA,CHASE,false,0,false,1.5,,https://creditcards.chase.com/cash-back-credit-cards/freedom/unlimited,https://offeroptimist.com/images/chase/freedom-unlimited.png,,,20000,500,,90,true
Freedom Unlimited,CHASE,VISA,CHASE,false,0,false,1.5,,https://creditcards.chase.com/cash-back-credit-cards/freedom/unlimited,https://offeroptimist.com/images/chase/freedom-unlimited.png,,,0,500,,90,true
Iberia Signature,CHASE,VISA,AVIOS,false,95,false,1,,https://creditcards.chase.com/travel-credit-cards/avios/iberia,https://offeroptimist.com/images/chase/iberia-signature.png,,,85000,5000,,90,true
IHG Rewards Premier,CHASE,MASTERCARD,IHG,false,99,false,1,,https://creditcards.chase.com/travel-credit-cards/ihg-rewards-club/premier,https://offeroptimist.com/images/chase/ihg-rewards-premier.jpg,,,175000,3000,https://creditcards.chase.com/a1/ihg/BIZQ224NAEP,90,true
IHG Rewards Premier,CHASE,MASTERCARD,IHG,false,99,false,1,,https://creditcards.chase.com/travel-credit-cards/ihg-rewards-club/premier,https://offeroptimist.com/images/chase/ihg-rewards-premier.jpg,,,140000,3000,,90,true
IHG Rewards Premier Business,CHASE,MASTERCARD,IHG,true,99,false,1,,https://creditcards.chase.com/business-credit-cards/IHG/business-premier,https://offeroptimist.com/images/chase/ihg-rewards-premier-business.png,,,140000,3000,,90,false
IHG Rewards Traveler,CHASE,MASTERCARD,IHG,false,0,false,1,,https://creditcards.chase.com/travel-credit-cards/ihg-rewards-club/traveler,https://offeroptimist.com/images/chase/ihg-rewards-traveler.jpeg,,,80000,2000,https://www.ihg.com/onerewards/content/us/en/creditcard,90,true
Ink Business Cash,CHASE,VISA,CHASE,true,0,false,1,,https://creditcards.chase.com/business-credit-cards/ink/cash,https://offeroptimist.com/images/chase/ink-business-cash.png,,,75000,6000,,90,false
Ink Business Preferred,CHASE,VISA,CHASE,true,95,false,1,,https://creditcards.chase.com/business-credit-cards/ink/business-preferred,https://offeroptimist.com/images/chase/ink-business-preferred.png,,,100000,8000,,90,false
Ink Business Unlimited,CHASE,VISA,CHASE,true,0,false,1,,https://creditcards.chase.com/business-credit-cards/ink/unlimited,https://offeroptimist.com/images/chase/ink-business-unlimited.png,,,75000,6000,,90,false
Ink Business Premier,CHASE,VISA,USD,true,195,false,2,,https://creditcards.chase.com/business-credit-cards/ink/premier?CELL=6G3K,https://offeroptimist.com/images/chase/ink-business-premier.png,,,1000,10000,,90,false
Marriott Bonvoy Bold,CHASE,VISA,MARRIOTT,false,0,false,1,,https://creditcards.chase.com/travel-credit-cards/marriott-bonvoy/bold,https://offeroptimist.com/images/chase/marriott-bonvoy-bold.jpeg,,,50000,1000,,90,true
Marriott Bonvoy Boundless,CHASE,VISA,MARRIOTT,false,95,false,1,,https://creditcards.chase.com/travel-credit-cards/marriott-bonvoy/boundless,https://offeroptimist.com/images/chase/marriott-bonvoy-boundless.jpeg,,,0,3000,,90,true
Sapphire Preferred,CHASE,VISA,CHASE,false,95,false,1,50 Hotel Credit,https://creditcards.chase.com/rewards-credit-cards/sapphire/preferred,https://offeroptimist.com/images/chase/sapphire-preferred.png,,,75000,4000,,90,true
Sapphire Reserve,CHASE,VISA,CHASE,false,550,false,1,600 Double-Dippable $300 Travel Credit,https://creditcards.chase.com/rewards-credit-cards/sapphire/reserve,https://offeroptimist.com/images/chase/sapphire-reserve.png,,,75000,4000,,90,true
Southwest Rapid Rewards Performance Business,CHASE,VISA,SOUTHWEST,true,199,false,1,100 4x Upgraded Boardings; 100 Global Entry / TSA PreCheck / NEXUS Credit,https://creditcards.chase.com/business-credit-cards/southwest/performance-business,https://offeroptimist.com/images/chase/southwest-rapid-rewards-performance-business.png,,,80000,5000,https://www.southwest.com/html/rapidrewards/partners/credit-cards/southwest-airlines-rapid-rewards-business-cards/index.html,90,false
Southwest Rapid Rewards Plus,CHASE,VISA,SOUTHWEST,false,69,false,1,,https://creditcards.chase.com/travel-credit-cards/southwest/plus,https://offeroptimist.com/images/chase/southwest-rapid-rewards-plus.png,,,85000,1000,,90,true
Southwest Rapid Rewards Premier,CHASE,VISA,SOUTHWEST,false,99,false,1,,https://creditcards.chase.com/travel-credit-cards/southwest/premier,https://offeroptimist.com/images/chase/southwest-rapid-rewards-premier.png,,,85000,1000,,90,true
Southwest Rapid Rewards Premier Business,CHASE,VISA,SOUTHWEST,true,99,false,1,,https://creditcards.chase.com/business-credit-cards/southwest/premier-business,https://offeroptimist.com/images/chase/southwest-rapid-rewards-premier-business.png,,,60000,3000,https://creditcards.chase.com/business-credit-cards/southwest/premier-business,90,false
Southwest Rapid Rewards Priority,CHASE,VISA,SOUTHWEST,false,149,false,1,75 Southwest Credit,https://creditcards.chase.com/travel-credit-cards/southwest/priority,https://offeroptimist.com/images/chase/southwest-rapid-rewards-priority.png,,,85000,3000,,90,true
United Business,CHASE,VISA,UNITED,true,99,true,1,100 United Credit,https://creditcards.chase.com/business-credit-cards/united/united-business-card,https://offeroptimist.com/images/chase/united-business.png,,,75000,5000,https://www.theexplorercard.com/business-rewards-cards/business-card?,90,false
United Club Infinite,CHASE,VISA,UNITED,false,525,false,1,"650 United Lounges; 100 Global Entry, TSA PreCheck, or NEXUS Credit",https://creditcards.chase.com/travel-credit-cards/united/club-infinite,https://offeroptimist.com/images/chase/united-club-infinite.png,,,80000,5000,https://www.theexplorercard.com/rewards-cards,90,true
United Club Business,CHASE,VISA,UNITED,true,450,false,1,650 United Lounge Access,https://creditcards.chase.com/business-credit-cards/united/united-club-business,https://offeroptimist.com/images/chase/united-club-business.png,,,50000,5000,https://www.theexplorercard.com/business-rewards-cards/club-card,90,false
United Explorer,CHASE,VISA,UNITED,false,95,true,1,"50 First checked bag free; 100 Global Entry, TSA PreCheck, NEXUS Credit",https://creditcards.chase.com/travel-credit-cards/united/united-explorer,https://offeroptimist.com/images/chase/united-explorer.png,,,50000,3000,https://www.theexplorercard.com/united-rewards-cards,90,true
United Gateway,CHASE,VISA,UNITED,false,0,false,1,,https://creditcards.chase.com/travel-credit-cards/united/united-gateway,https://offeroptimist.com/images/chase/united-gateway.png,,,20000,1000,https://www.theexplorercard.com/rewards-cards?CELL=XWG&domain=uec,90,true
United Quest,CHASE,VISA,UNITED,false,250,false,1,125 United Credit,https://creditcards.chase.com/travel-credit-cards/united/united-quest,https://offeroptimist.com/images/chase/united-quest.png,,,60000,4000,https://www.theexplorercard.com/rewards-cards,90,true
World of Hyatt,CHASE,VISA,HYATT,false,95,false,1,225 Free Night Credit @ Category 1-4 Property,https://world.hyatt.com/content/gp/en/rewards/hyatt-credit-card.html,https://offeroptimist.com/images/chase/world-of-hyatt.png,,,30000,3000,,90,true
World of Hyatt Business,CHASE,VISA,HYATT,false,199,false,1,,https://world.hyatt.com/content/gp/en/rewards/hyatt-credit-card.html,https://offeroptimist.com/images/chase/world-of-hyatt.png,,,60000,5000,,90,true
Amazon Prime,CHASE,VISA,USD,false,0,false,1,,https://www.amazon.com/dp/BT00LN946S?bypass=1,https://offeroptimist.com/images/chase/amazon-prime.png,,,100,0.01,,365,true
Quicksilver,CAPITAL_ONE,VISA,USD,false,0,false,1,,https://www.capitalone.com/credit-cards/quicksilver/,https://offeroptimist.com/images/capitalone/quicksilver.webp,,,200,500,,90,true
Savor,CAPITAL_ONE,VISA,USD,false,99,false,1,,https://www.capitalone.com/credit-cards/savor-dining-rewards/,https://offeroptimist.com/images/capitalone/savor.webp,,,300,3000,,90,true
SavorOne,CAPITAL_ONE,VISA,USD,false,0,false,1,,https://www.capitalone.com/credit-cards/savorone-dining-rewards/,https://offeroptimist.com/images/capitalone/savor-one.webp,,,200,500,,90,true
Spark 1.5% Cash Select,CAPITAL_ONE,VISA,USD,true,0,false,1,,https://www.capitalone.com/small-business/credit-cards/spark-cash-select,https://offeroptimist.com/images/capitalone/spark-cash.webp,,,750,6000,,90,true
Spark 1.5% Miles Select,CAPITAL_ONE,VISA,CAPITAL_ONE,true,0,false,1,,https://www.capitalone.com/small-business/credit-cards/spark-miles-select/,https://offeroptimist.com/images/capitalone/spark-miles.webp,,,50000,4500,,90,true
Venture Rewards,CAPITAL_ONE,VISA,CAPITAL_ONE,false,95,false,1,100 2x Capital One Lounge Visits; 100 Global Entry / TSA PreCheck Credit,https://www.capitalone.com/credit-cards/venture/,https://offeroptimist.com/images/capitalone/venture-rewards.webp,,,75000,4000,,90,true
Venture X,CAPITAL_ONE,VISA,CAPITAL_ONE,false,395,false,2,300 Travel Credit; 100 Global Entry / TSA PreCheck Credit; 300 Capital One Lounge Access,https://www.capitalone.com/credit-cards/venture-x/,https://offeroptimist.com/images/capitalone/venture-x.webp,,,75000,4000,,90,true
VentureOne,CAPITAL_ONE,VISA,CAPITAL_ONE,false,0,false,1,,https://www.capitalone.com/credit-cards/ventureone/,https://offeroptimist.com/images/capitalone/venture-one.webp,,,20000,500,,90,true
AAdvantage Executive,CITI,MASTERCARD,AMERICAN,false,595,false,1,,https://creditcards.aa.com/citi-executive-card-american-airlines-direct/,https://offeroptimist.com/images/citi/aadvantage-executive.webp,,,100000,10000,https://www.uscreditcardguide.com/citi-aadvantage-executive-credit-card/,90,true
AAdvantage Executive,CITI,MASTERCARD,AMERICAN,false,595,false,1,,https://creditcards.aa.com/citi-executive-card-american-airlines-direct/,https://offeroptimist.com/images/citi/aadvantage-executive.webp,,,70000,7000,,90,true
AAdvantage MileUp,CITI,MASTERCARD,AMERICAN,false,0,false,1,,https://creditcards.aa.com/citi-mileup-card-american-airlines-direct/,https://offeroptimist.com/images/citi/aadvantage-mileup.webp,,,15000,500,,90,true
AAdvantage Platinum Select,CITI,MASTERCARD,AMERICAN,false,99,true,1,,https://creditcards.aa.com/citi-business-card-american-airlines-direct/,https://offeroptimist.com/images/citi/aadvantage-platinum-select.webp,,,75000,5000,,120,true
AAdvantage Platinum Select Business,CITI,MASTERCARD,AMERICAN,true,99,false,1,50 First checked bag free,https://creditcards.aa.com/citi-business-card-american-airlines-wand/?utm_medium=referral&utm_source=aa&utm_campaign=ccpage,https://offeroptimist.com/images/citi/aadvantage-platinum-select-business.webp,,,75000,5000,,150,false
Double Cash,CITI,MASTERCARD,USD,false,0,false,2,,https://www.citi.com/credit-cards/citi-double-cash-credit-card,https://offeroptimist.com/images/citi/double-cash.png,,,200,1500,,180,true
Custom Cash,CITI,MASTERCARD,USD,false,0,false,2,,https://www.citi.com/credit-cards/citi-custom-cash-credit-card,https://offeroptimist.com/images/citi/custom-cash.png,,,200,1500,,180,true
Strata Premier,CITI,MASTERCARD,CITI,false,95,false,2,100 Hotel Credit ($500 min purchase),https://www.citi.com/credit-cards/citi-strata-premier-credit-card,https://offeroptimist.com/images/citi/strata-premier.png,,,75000,4000,,90,true
Rewards+,CITI,MASTERCARD,CITI,false,0,false,2,,https://www.citi.com/credit-cards/citi-rewards-plus-credit-card,https://offeroptimist.com/images/citi/rewards-plus.png,,,20000,1500,,90,true
AT&T Points Plus,CITI,MASTERCARD,USD,false,0,false,1,,https://www.att.com/deals/att-points-plus-citi/,https://offeroptimist.com/images/citi/att-points-plus.jpg,,,100,1000,,90,true
LATAM Airlines,FIRST,MASTERCARD,LATAM,false,0,false,1,,https://latampass.latam.com/en_us/earn-miles/latam-airlines-credit-cards,https://offeroptimist.com/images/first/latam-airlines.svg,,,15000,1000,,90,true
LATAM Airlines World Elite,FIRST,MASTERCARD,LATAM,false,99,false,1,,https://latampass.latam.com/en_us/earn-miles/latam-airlines-credit-cards,https://offeroptimist.com/images/first/latam-airlines-world-elite.webp,,,40000,2500,,90,true
Cardless Qatar Signature,FIRST,VISA,AVIOS,false,99,false,1,,https://qatarairways.cardless.com/compare,https://offeroptimist.com/images/first/cardless-qatar-signature.jpg,,,40000,3000,,90,true
Cardless Qatar Infinite,FIRST,VISA,AVIOS,false,499,false,1,,https://qatarairways.cardless.com/compare,https://offeroptimist.com/images/first/cardless-qatar-infinite.jpg,,,50000,5000,,90,true
Amtrak Guest Rewards Preferred,FNBO,MASTERCARD,AMTRAK,false,99,false,1,,https://www.amtrak.com/Apply,https://offeroptimist.com/images/fnbo/amtrak-guest-rewards-preferred.jpg,,,20000,1000,,90,true
Amtrak Guest Rewards,FNBO,MASTERCARD,AMTRAK,false,0,false,1,,https://www.amtrak.com/Apply,https://offeroptimist.com/images/fnbo/amtrak-guest-rewards.png,,,12000,1000,,90,true
Best Western Rewards,FNBO,MASTERCARD,BEST_WESTERN,false,0,false,1,,https://www.card.fnbo.com/landing/bestwestern/bestwesternlto,https://offeroptimist.com/images/fnbo/best-western-rewards.jpg,,,40000,1000,,90,true
Best Western Rewards,FNBO,MASTERCARD,BEST_WESTERN,false,0,false,1,,https://www.card.fnbo.com/landing/bestwestern/bestwesternlto,https://offeroptimist.com/images/fnbo/best-western-rewards.jpg,,,20000,5000,,365,true
Best Western Rewards Premium,FNBO,MASTERCARD,BEST_WESTERN,false,89,false,1,,https://www.card.fnbo.com/landing/bestwestern/bestwesternlto,https://offeroptimist.com/images/fnbo/best-western-rewards-premium.jpg,,,80000,3000,,90,true
Best Western Rewards Premium,FNBO,MASTERCARD,BEST_WESTERN,false,89,false,1,,https://www.card.fnbo.com/landing/bestwestern/bestwesternlto,https://offeroptimist.com/images/fnbo/best-western-rewards-premium.jpg,,,40000,5000,,365,true
Power Cash Rewards,PENFED,VISA,USD,false,0,false,1.5,,https://www.penfed.org/credit-cards/power-cash-rewards-visa,https://offeroptimist.com/images/penfed/power-cash-rewards.png,,,100,1500,,90,true
Platinum Rewards,PENFED,VISA,PENFED,false,0,false,1,,https://www.penfed.org/credit-cards/platinum-rewards-visa,https://offeroptimist.com/images/penfed/platinum-rewards.webp,,,15000,1500,,90,true
Pathfinder,PENFED,VISA,PENFED,false,95,false,1,100 Incidental travel credit (yearly),https://www.penfed.org/credit-cards/pathfinder-rewards,https://offeroptimist.com/images/penfed/pathfinder.webp,,,50000,3000,,90,true
Cash Rewards Visa Signature Business,PNC,VISA,USD,true,0,false,1.5,,https://www.pnc.com/en/small-business/borrowing/business-credit-cards/pnc-cash-rewards-visa-signature-business-credit-card.html,https://offeroptimist.com/images/pnc/cash-rewards-visa-signature-business.webp,,,400,3000,,90,false
Cathay Pacific,SYNCHRONY,VISA,CATHAY_PACIFIC,false,0,false,1,,https://pay.cathaypacific.com/en_US/offers/uscreditcard.html,https://offeroptimist.com/images/synchrony/cathay-pacific.jpg,,,38000,3000,,90,true
Business Altitude Power,US_BANK,MASTERCARD,US_BANK,true,195,false,2,,https://www.usbank.com/business-banking/business-credit-cards/business-altitude-power-world-elite-mastercard.html,https://offeroptimist.com/images/usbank/altitude-power.webp,,,75000,10000,,120,false
Business Altitude Connect,US_BANK,MASTERCARD,US_BANK,true,95,true,2,,https://www.usbank.com/business-banking/business-credit-cards/business-altitude-connect-world-elite-mastercard.html,https://offeroptimist.com/images/usbank/business-altitude-connect.webp,,,75000,6000,https://creditcardapply.usbank.com/web/creditcardapply/business-altitude-connect?bankercode=100usb#,180,false
Business Altitude Connect,US_BANK,MASTERCARD,US_BANK,true,95,true,2,,https://www.usbank.com/business-banking/business-credit-cards/business-altitude-connect-world-elite-mastercard.html,https://offeroptimist.com/images/usbank/business-altitude-connect.webp,,,60000,6000,,180,false
Altitude Connect,US_BANK,VISA,US_BANK,false,95,true,2,,https://www.usbank.com/credit-cards/altitude-connect-visa-signature-credit-card.html,https://offeroptimist.com/images/usbank/altitude-connect.png,,,50000,2000,,120,true
Altitude Go,US_BANK,VISA,USD,false,0,false,2,,https://www.usbank.com/credit-cards/altitude-go-visa-signature-credit-card.html,https://offeroptimist.com/images/usbank/altitude-go.jpg,,,200,1000,,90,true
Altitude Reserve,US_BANK,VISA,US_BANK,false,400,false,2,325 $325 Travel + Dining credits,https://www.usbank.com/credit-cards/altitude-reserve-visa-infinite-credit-card.html,https://offeroptimist.com/images/usbank/altitude-reserve.png,,,50000,4500,,90,true
Cash+,US_BANK,VISA,USD,false,0,false,2,,https://www.usbank.com/credit-cards/cash-plus-visa-signature-credit-card.html,https://offeroptimist.com/images/usbank/cash-plus.jpg,,,200,1000,,90,true
Business Leverage,US_BANK,VISA,USD,true,95,true,1,,https://www.usbank.com/business-banking/business-credit-cards/benefits/leverage-visa-card-benefits.html,https://offeroptimist.com/images/usbank/business-leverage.webp,,,900,7500,https://creditcardapply.usbank.com/web/creditcardapply/business-leverage-card?bankercode=172tan&ecid=othe_26045&sms=1,120,false
Business Triple Cash Rewards,US_BANK,MASTERCARD,USD,true,95,true,1,,https://bizcards.usbank.com/credit/business-triple-cash-back-credit-card.do,https://offeroptimist.com/images/usbank/business-triple-cash-rewards.webp,,,600,4500,https://creditcardapply.usbank.com/web/creditcardapply/business-triplecash-rewards?bankercode=100usb,150,false
Business Triple Cash Rewards,US_BANK,MASTERCARD,USD,true,95,true,1,,https://bizcards.usbank.com/credit/business-triple-cash-back-credit-card.do,https://offeroptimist.com/images/usbank/business-triple-cash-rewards.webp,,,500,4500,,150,false
Skypass Blue,US_BANK,VISA,KOREAN,false,95,false,1,,https://www.skypassvisa.com/credit/visaSkyBlueCard.do,https://offeroptimist.com/images/usbank/skypass.png,,,10000,1000,,90,true
Skypass,US_BANK,VISA,KOREAN,false,95,false,1,50 $50 Korean Air credit,https://www.skypassvisa.com/credit/visaSignatureCard.do,https://offeroptimist.com/images/usbank/skypass.png,,,40000,4000,,90,true
Skypass Select,US_BANK,VISA,KOREAN,false,450,false,1,200 $200 travel credit; 50 Korean Air credit; 100 TSA PreCheck or Global Entry fee credit,https://www.skypassvisa.com/credit/visaSelectCard.do,https://offeroptimist.com/images/usbank/skypass-select.png,,,60000,5000,,90,true
Skypass Business,US_BANK,VISA,KOREAN,true,99,false,1,50 Korean Air credit; 100 TSA PreCheck or Global Entry fee credit,https://www.skypassvisa.com/credit/visaBusinessCard.do,https://offeroptimist.com/images/usbank/skypass-business.png,,,50000,5000,,90,false
Shopper Cash Rewards,US_BANK,VISA,USD,false,95,true,1.5,,https://www.usbank.com/credit-cards/shopper-cash-rewards-visa-signature-credit-card.html,https://offeroptimist.com/images/usbank/shopper-cash-rewards.webp,,,250,2000,,120,true
Business Platinum,WELLS_FARGO,VISA,USD,true,0,false,2,,https://www.wellsfargo.com/biz/business-credit/credit-cards/platinum-card/,https://offeroptimist.com/images/wellsfargo/business-platinum.png,,,300,3000,,90,false
Signify Business Cash,WELLS_FARGO,MASTERCARD,USD,true,0,false,2,,https://creditcards.wellsfargo.com/business-credit-cards/signify-business-cash-credit-card,https://offeroptimist.com/images/wellsfargo/signify-business-cash.png,,,500,5000,,90,false
Active Cash,WELLS_FARGO,VISA,USD,false,0,false,2,,https://creditcards.wellsfargo.com/active-cash-credit-card/,https://offeroptimist.com/images/wellsfargo/active-cash.png,,,200,500,,90,true
Autograph,WELLS_FARGO,VISA,WELLS_FARGO,false,0,false,2,,https://creditcards.wellsfargo.com/autograph-visa-credit-card/?sub_channel=SEO&vendor_code=G,https://offeroptimist.com/images/wellsfargo/autograph.png,,,20000,1000,,90,true
Autograph Journey,WELLS_FARGO,VISA,WELLS_FARGO,false,95,false,1,50 $50 Credit for $50+ Airline Purchase,https://creditcards.wellsfargo.com/autograph-journey-visa-credit-card,https://offeroptimist.com/images/wellsfargo/autograph.png,,,60000,4000,,90,true
Choice Privileges,WELLS_FARGO,VISA,CHOICE,false,0,false,1,,https://www.choicehotels.com/choice-privileges/earn-points/mastercard-credit-card,https://offeroptimist.com/images/wellsfargo/choice-privileges.png,,,40000,1000,,90,true
Choice Privileges Select,WELLS_FARGO,VISA,CHOICE,false,95,false,1,,https://www.choicehotels.com/choice-privileges/earn-points/mastercard-credit-card,https://offeroptimist.com/images/wellsfargo/choice-privileges-select.png,,,60000,3000,,90,true